,Date,Time,Latitude,Longitude,Type,Depth,Depth Error,Depth Seismic Stations,Magnitude,Magnitude Type,Magnitude Error,Magnitude Seismic Stations,Azimuthal Gap,Horizontal Distance,Horizontal Error,Root Mean Square,ID,Source,Location Source,Magnitude Source,Status
0,10/01/1997,06:05:48,46.215,136.09,Earthquake,416.0,,,5.5,MWC,,,,,,0.75,USP00088BB,US,US,HRV,Reviewed
1,04/30/2012,08:00:10,1.757,89.598,Earthquake,10.0,,225.0,5.7,MWW,,,15.3,,,1.1,USP000JJT7,US,US,US,Reviewed
2,12/01/1993,00:59:01,-57.475,-25.685,Earthquake,33.0,,,5.7,MW,,,,,,0.9,USP00064GA,US,US,HRV,Reviewed
3,10/06/2008,08:30:46,29.807,90.35,Earthquake,12.0,,434.0,6.3,MWC,,,18.4,,,0.99,USP000GJGT,US,US,US,Reviewed
4,02/02/1965,15:56:51,37.523,73.251,Earthquake,15.0,,,6.0,MW,,,,,,,ISCGEM859164,ISCGEM,ISCGEM,ISCGEM,Automatic
5,05/11/1976,15:50:42,-51.603,139.683,Earthquake,33.0,,,6.6,MS,,,,,,,USP0000G9K,US,US,US,Reviewed
6,12/07/2008,06:23:10,13.35,-44.826,Earthquake,10.0,,323.0,5.6,MWC,,,31.7,,,1.01,USP000GQ3C,US,US,GCMT,Reviewed
7,01/05/1991,14:57:12,23.613000000000003,95.90100000000001,Earthquake,19.7,,,7.0,MW,,,,,,1.3,USP0004K8G,US,US,HRV,Reviewed
8,02/23/1975,03:53:36,-21.726999999999997,-71.35600000000001,Earthquake,33.0,,,5.6,MB,,,,,,,USP0000A0A,US,US,US,Reviewed
9,05/05/1979,20:04:58,8.355,-70.985,Earthquake,23.0,,,5.6,MB,,,,,,,USP00010F9,US,US,US,Reviewed
10,09/30/1993,18:27:51,15.417,-94.698,Earthquake,19.2,,,6.5,MW,,,,,,1.1,USP000619M,US,US,HRV,Reviewed
11,09/07/1999,11:56:49,38.119,23.605,Earthquake,10.0,,,6.0,MWC,,,,,,1.12,USP0009E46,US,US,HRV,Reviewed
12,03/06/1965,11:10:51,-18.425,-132.923,Earthquake,10.0,,,5.6,MW,,,,,,,ISCGEM858385,ISCGEM,ISCGEM,ISCGEM,Automatic
13,04/16/1965,23:22:21,64.572,-160.375,Earthquake,15.0,,,6.0,MW,,,,,,,ISCGEM857809,ISCGEM,ISCGEM,ISCGEM,Automatic
14,07/31/1990,03:19:47,42.416000000000004,-126.682,Earthquake,10.0,,,5.8,MW,,,,,,1.2,USP0004CRR,US,US,HRV,Reviewed
15,05/18/1980,15:32:11,46.2073333,-122.18799999999999,Earthquake,1.51,0.56,18.0,5.7,MD,0.08,1.0,62.0,0.008296,0.682,0.22,UW10084803,UW,UW,UW,Reviewed
16,11/28/1973,08:12:31,-41.861000000000004,42.77,Earthquake,33.0,,,5.9,MS,,,,,,,USP00004B3,US,US,US,Reviewed
17,04/04/1978,00:40:29,33.033,82.285,Earthquake,27.0,,,6.0,MS,,,,,,,USP0000TWZ,US,US,US,Reviewed
18,07/10/2003,17:06:38,28.355,54.169,Earthquake,10.0,,475.0,5.8,MWC,,,45.4,,,0.93,USP000C251,US,US,HRV,Reviewed
19,07/15/2000,03:58:10,-54.104,7.939,Earthquake,10.0,,60.0,5.7,MWC,,,,,,1.49,USP0009WJ9,US,US,HRV,Reviewed
20,08/04/1979,00:41:20,-62.855,-161.42700000000002,Earthquake,10.0,,,5.8,MS,,,,,,,USP000127F,US,US,US,Reviewed
21,07/03/1989,17:02:33,-53.187,160.168,Earthquake,33.0,,,6.4,MS,,1.0,,,,1.4,USP0003WX6,US,US,US,Reviewed
22,08/28/2008,15:22:23,-0.252,-17.358,Earthquake,12.0,,367.0,6.3,MWC,,,43.2,,,1.08,USP000GFUY,US,US,GCMT,Reviewed
23,09/09/1965,10:02:26,6.47,-84.40799999999999,Earthquake,15.0,,,6.2,MW,,,,,,,ISCGEM853712,ISCGEM,ISCGEM,ISCGEM,Automatic
24,09/12/1965,22:02:35,-6.416,70.726,Earthquake,25.0,,,6.3,MW,,,,,,,ISCGEM853797,ISCGEM,ISCGEM,ISCGEM,Automatic
25,05/06/1990,16:46:13,-35.253,-104.14200000000001,Earthquake,10.0,,,5.7,MW,,,,,,1.2,USP00048YA,US,US,HRV,Reviewed
26,09/26/1965,21:33:52,-54.757,-38.244,Earthquake,10.0,,,5.8,MW,,,,,,,ISCGEM854160,ISCGEM,ISCGEM,ISCGEM,Automatic
27,10/07/1965,03:36:02,12.347000000000001,114.485,Earthquake,20.0,,,5.9,MW,,,,,,,ISCGEM852946,ISCGEM,ISCGEM,ISCGEM,Automatic
28,01/17/1984,03:32:08,-8.87,-71.35600000000001,Earthquake,614.1,3.6,,5.6,MW,,,,,,0.9,USP00021AN,US,US,HRV,Reviewed
29,11/28/2004,02:35:13,-26.525,-113.834,Earthquake,10.0,,265.0,6.6,MWC,,,52.0,,,1.4,USP000D9F2,US,US,HRV,Reviewed
30,12/16/1997,11:17:22,29.985,-42.628,Earthquake,10.0,,,5.5,MWC,,,,,,1.22,USP0008CR9,US,US,HRV,Reviewed
31,10/23/2010,03:09:15,-56.7,-141.952,Earthquake,10.0,,26.0,5.8,MWC,,,73.5,,,1.08,USP000HNEF,US,US,GCMT,Reviewed
32,08/28/1992,00:50:50,29.087,66.74,Earthquake,9.3,,,5.6,MW,,,,,,1.3,USP0005D5Z,US,US,HRV,Reviewed
33,08/18/1990,13:38:17,26.979,101.154,Earthquake,12.3,6.4,,5.7,MS,,3.0,,,,1.2,USP0004DKB,US,US,US,Reviewed
34,02/17/1966,11:48:00,-32.265,78.866,Earthquake,15.0,,,6.6,MW,,,,,,,ISCGEM850269,ISCGEM,ISCGEM,ISCGEM,Automatic
35,03/27/1967,08:58:24,38.474000000000004,116.60799999999999,Earthquake,29.7,,,6.1,MW,,,,,,,ISCGEM838270,ISCGEM,ISCGEM,ISCGEM,Automatic
36,03/17/2000,11:51:18,-52.964,25.013,Earthquake,10.0,,,5.6,MWC,,,,,,1.07,USP0009PTU,US,US,HRV,Reviewed
37,07/03/2013,19:21:46,1.537,30.894000000000002,Earthquake,10.1,1.7,300.0,5.7,MWW,,,19.0,,,0.86,USB000I67T,US,US,US,Reviewed
38,10/08/1996,01:36:54,-45.778,96.025,Earthquake,10.0,,,6.1,MWB,,,,,,0.98,USP0007R2W,US,US,US,Reviewed
39,12/03/1999,17:06:55,40.358000000000004,42.346000000000004,Earthquake,19.3,5.8,,5.7,MWC,,,,,,1.27,USP0009JEJ,US,US,HRV,Reviewed
40,07/12/1966,18:53:11,44.707,37.272,Earthquake,39.3,,,5.7,MW,,,,,,,ISCGEM845457,ISCGEM,ISCGEM,ISCGEM,Automatic
41,08/15/1966,02:15:32,28.565,78.961,Earthquake,27.0,,,5.6,MW,,,,,,,ISCGEM844491,ISCGEM,ISCGEM,ISCGEM,Automatic
42,04/11/1983,17:16:30,5.25,61.619,Earthquake,10.0,,,5.7,MB,,17.0,,,,1.2,USP0001UC1,US,US,US,Reviewed
43,09/02/1992,10:26:21,37.09,-113.47200000000001,Earthquake,13.739,,0.0,5.6,MS,,0.0,0.0,,,0.0,CI3059028,CI,CI,CI,Reviewed
44,07/21/1986,22:07:16,37.621333299999996,-118.3425,Earthquake,-0.076,7.22,18.0,5.6,ML,,6.0,296.0,0.2495,3.0,0.05,NC95459,NC,NC,NC,Reviewed
45,01/07/1985,16:13:05,27.151999999999997,91.986,Earthquake,11.8,5.5,,5.6,MB,,63.0,,,,1.0,USP0002AU5,US,US,US,Reviewed
46,04/19/2013,17:51:41,-11.975999999999999,121.632,Earthquake,15.2,2.7,341.0,5.8,MWW,,,12.0,,,1.11,USB000GC0Z,US,US,US,Reviewed
47,09/14/1981,12:44:30,18.32,-68.891,Earthquake,170.0,,,5.9,MB,,69.0,,,,0.9,USP0001FVU,US,US,US,Reviewed
48,01/05/2001,08:06:47,16.113,-61.034,Earthquake,33.0,,183.0,5.7,MWC,,,,,,0.71,USP000A75K,US,US,HRV,Reviewed
49,01/02/1967,09:47:54,-10.187000000000001,28.424,Earthquake,29.1,,,5.6,MW,,,,,,,ISCGEM839280,ISCGEM,ISCGEM,ISCGEM,Automatic
50,09/29/2006,18:23:06,10.814,-61.758,Earthquake,52.0,,359.0,5.5,MWB,,,71.6,,,1.1,USP000EU32,US,US,US,Reviewed
51,01/05/1967,00:14:41,48.168,103.036,Earthquake,13.2,,,7.0,MW,,,,,,,ISCGEM839412,ISCGEM,ISCGEM,ISCGEM,Automatic
52,01/07/1967,00:27:24,-48.873000000000005,112.803,Earthquake,15.0,,,6.0,MW,,,,,,,ISCGEM839499,ISCGEM,ISCGEM,ISCGEM,Automatic
53,05/17/1989,05:04:36,57.086000000000006,122.01799999999999,Earthquake,30.7,,,6.0,MW,,,,,,1.1,USP0003VAN,US,US,HRV,Reviewed
54,05/12/2014,18:38:37,-49.9403,-114.7995,Earthquake,10.47,3.0,,6.5,MWW,,,35.0,23.164,,1.16,USB000QJHH,US,US,US,Reviewed
55,02/13/1967,23:14:24,52.812,-34.14,Earthquake,10.0,,,7.0,MW,,,,,,,ISCGEM838773,ISCGEM,ISCGEM,ISCGEM,Automatic
56,03/13/1993,17:12:26,19.625999999999998,38.799,Earthquake,10.0,,,5.7,MW,,,,,,1.0,USP0005PF5,US,US,HRV,Reviewed
57,08/01/1985,12:13:46,29.177,95.176,Earthquake,45.2,,,5.7,MW,,,,,,1.1,USP0002H9W,US,US,HRV,Reviewed
58,06/14/1987,18:22:12,-58.269,-65.623,Earthquake,10.0,,,5.5,MW,,,,,,1.1,USP00035SY,US,US,HRV,Reviewed
59,05/27/1967,19:05:48,36.034,77.714,Earthquake,20.0,,,5.9,MW,,,,,,,ISCGEM836068,ISCGEM,ISCGEM,ISCGEM,Automatic
60,06/02/1993,03:00:18,-46.471000000000004,33.954,Earthquake,10.0,,,5.8,MW,,,,,,1.2,USP0005TWD,US,US,HRV,Reviewed
61,07/30/1967,01:31:03,40.764,30.609,Earthquake,15.0,,,5.7,MW,,,,,,,ISCGEM833888,ISCGEM,ISCGEM,ISCGEM,Automatic
62,08/13/1967,22:07:48,43.093999999999994,-0.731,Earthquake,10.0,,,5.7,MW,,,,,,,ISCGEM832236,ISCGEM,ISCGEM,ISCGEM,Automatic
63,08/15/1967,09:21:03,31.079,93.639,Earthquake,20.0,,,5.7,MW,,,,,,,ISCGEM832279,ISCGEM,ISCGEM,ISCGEM,Automatic
64,05/16/2008,05:25:47,31.355,103.351,Earthquake,3.0,,288.0,5.6,MWC,,,25.1,,,1.11,USP000G6Y2,US,US,US,Reviewed
65,11/02/2007,21:20:13,-55.172,-129.214,Earthquake,10.0,,19.0,5.6,MWC,,,100.7,,,1.56,USP000FRV1,US,US,GCMT,Reviewed
66,03/21/1998,16:33:11,79.888,1.8559999999999999,Earthquake,10.0,,,6.2,MWC,,,,,,1.01,USP0008HTD,US,US,HRV,Reviewed
67,06/09/1989,12:19:36,71.432,-4.371,Earthquake,10.0,,,5.6,MW,,,,,,1.3,USP0003W47,US,US,HRV,Reviewed
68,07/30/1970,04:58:44,14.248,51.995,Earthquake,15.0,,,6.6,MW,,,,,,,ISCGEM794121,ISCGEM,ISCGEM,ISCGEM,Automatic
69,12/10/1967,22:51:23,17.412,73.885,Earthquake,15.0,,,6.6,MW,,,,,,,ISCGEM828259,ISCGEM,ISCGEM,ISCGEM,Automatic
70,12/27/1978,17:46:10,41.108000000000004,13.582,Earthquake,390.0,,,5.6,MB,,,,,,,USP0000Y56,US,US,US,Reviewed
71,02/20/1968,02:19:50,12.343,-47.01,Earthquake,10.0,,,5.8,MW,,,,,,,ISCGEM826365,ISCGEM,ISCGEM,ISCGEM,Automatic
72,01/06/2010,16:38:36,-41.605,-16.567999999999998,Earthquake,10.0,,92.0,5.6,MWC,,,53.6,,,0.87,USP000H5T4,US,US,US,Reviewed
73,04/28/1968,04:18:14,44.757,174.533,Earthquake,15.0,,,5.5,MW,,,,,,,ISCGEM824395,ISCGEM,ISCGEM,ISCGEM,Automatic
74,05/15/1968,07:51:18,-15.894,26.113000000000003,Earthquake,25.7,,,5.6,MW,,,,,,,ISCGEM821931,ISCGEM,ISCGEM,ISCGEM,Automatic
75,02/01/2007,00:14:26,-37.654,78.066,Earthquake,10.0,,40.0,5.5,MWC,,,53.5,,,1.17,USP000F428,US,US,GCMT,Reviewed
76,03/15/1983,16:56:16,-54.997,-1.022,Earthquake,10.0,,,5.5,MB,,4.0,,,,0.7,USP0001TP2,US,US,US,Reviewed
77,08/20/1968,11:16:57,5.485,147.082,Earthquake,10.0,,,5.8,MW,,,,,,,ISCGEM818179,ISCGEM,ISCGEM,ISCGEM,Automatic
78,11/07/1976,04:00:52,33.802,59.155,Earthquake,13.0,,,6.2,MS,,,,,,,USP0000K7T,US,US,US,Reviewed
79,06/06/2000,02:41:50,40.693000000000005,32.992,Earthquake,10.0,,418.0,6.0,MWC,,,,,,1.04,USP0009U3D,US,US,HRV,Reviewed
80,09/03/1968,15:36:59,20.561,-62.28,Earthquake,17.7,,,5.5,MW,,,,,,,ISCGEM816646,ISCGEM,ISCGEM,ISCGEM,Automatic
81,10/08/1968,07:43:21,-39.846,87.677,Earthquake,10.0,,,6.1,MW,,,,,,,ISCGEM815724,ISCGEM,ISCGEM,ISCGEM,Automatic
82,03/10/1970,17:15:11,-31.076999999999998,116.56700000000001,Earthquake,10.0,,,5.7,MW,,,,,,,ISCGEMSUP797790,ISCGEMSUP,ISCGEM,ISCGEM,Automatic
83,11/17/1968,00:16:10,9.477,-72.58800000000001,Earthquake,175.7,,,6.1,MW,,,,,,,ISCGEM815159,ISCGEM,ISCGEM,ISCGEM,Automatic
84,12/02/1968,02:33:43,-14.148,23.877,Earthquake,11.3,,,5.7,MW,,,,,,,ISCGEM813781,ISCGEM,ISCGEM,ISCGEM,Automatic
85,10/15/2014,11:16:34,64.4814,-18.0043,Earthquake,10.0,1.8,,5.5,MWW,,,75.0,1.456,7.0,0.97,USB000SMCV,US,US,US,Reviewed
86,03/11/2002,23:45:15,-44.536,-79.7,Earthquake,33.0,,54.0,5.7,MWC,,,,,,1.5,USP000B054,US,US,HRV,Reviewed
87,04/26/1990,09:37:11,36.04,100.274,Earthquake,10.0,,,6.3,MW,,,,,,1.0,USP00048GT,US,US,HRV,Reviewed
88,02/14/1971,16:27:35,36.565,55.762,Earthquake,18.5,,,5.8,MW,,,,,,,ISCGEM787393,ISCGEM,ISCGEM,ISCGEM,Automatic
89,02/28/1969,04:25:35,36.181,-10.54,Earthquake,10.0,,,6.2,MW,,,,,,,ISCGEM812648,ISCGEM,ISCGEM,ISCGEM,Automatic
90,08/20/1989,18:39:49,11.985,41.87,Earthquake,10.0,,,5.7,MW,,,,,,1.0,USP0003YP9,US,US,HRV,Reviewed
91,07/19/2014,14:14:02,11.7448,57.6382,Earthquake,10.0,1.8,,6.0,MWW,,,51.0,3.6519999999999997,,1.21,USB000RUKS,US,US,US,Reviewed
92,08/03/1993,12:43:05,28.729,34.553000000000004,Earthquake,10.0,,,6.1,MW,,,,,,1.3,USP0005XW9,US,US,HRV,Reviewed
93,09/22/1987,22:05:16,76.421,134.275,Earthquake,14.3,,,5.5,MW,,,,,,0.9,USP00038MH,US,US,HRV,Reviewed
94,05/19/2008,10:08:36,42.503,131.872,Earthquake,513.4,,547.0,5.7,MWB,,,23.9,,,0.72,USP000G783,US,US,US,Reviewed
95,04/13/1969,15:24:55,17.747,80.775,Earthquake,20.0,,,5.7,MW,,,,,,,ISCGEM809816,ISCGEM,ISCGEM,ISCGEM,Automatic
96,12/16/2013,04:11:47,-58.6854,149.3456,Earthquake,6.67,3.3,,5.5,MWB,0.062,,94.0,6.763,,0.94,USC000LLBC,US,US,US,Reviewed
97,07/18/1969,05:24:47,38.31,119.572,Earthquake,10.0,,,6.9,MW,,,,,,,ISCGEM807162,ISCGEM,ISCGEM,ISCGEM,Automatic
98,07/25/1969,22:49:41,21.660999999999998,111.803,Earthquake,20.0,,,5.7,MW,,,,,,,ISCGEM807433,ISCGEM,ISCGEM,ISCGEM,Automatic
99,08/08/1969,11:08:14,-47.715,-15.654000000000002,Earthquake,15.0,,,6.1,MW,,,,,,,ISCGEM805313,ISCGEM,ISCGEM,ISCGEM,Automatic
100,09/06/1969,14:30:41,36.902,-12.002,Earthquake,35.0,,,6.1,MW,,,,,,,ISCGEM804189,ISCGEM,ISCGEM,ISCGEM,Automatic
101,08/03/1984,01:20:59,57.67,-32.87,Earthquake,10.0,,,5.5,MW,,,,,,1.1,USP0002667,US,US,HRV,Reviewed
102,11/24/1992,12:03:36,1.355,-101.323,Earthquake,10.0,,,5.7,MW,,,,,,0.8,USP0005HAB,US,US,HRV,Reviewed
103,02/11/1985,07:39:33,4.544,-32.56,Earthquake,10.0,,,5.6,MB,,50.0,,,,1.1,USP0002BTC,US,US,US,Reviewed
104,09/27/1969,09:04:04,-60.925,-55.595,Earthquake,25.0,,,6.0,MW,,,,,,,ISCGEM804921,ISCGEM,ISCGEM,ISCGEM,Automatic
105,04/14/1970,19:08:19,-33.308,19.486,Earthquake,10.0,,,5.7,MW,,,,,,,ISCGEM796738,ISCGEM,ISCGEM,ISCGEM,Automatic
106,01/26/1986,19:20:51,36.804333299999996,-121.285,Earthquake,8.152999999999999,0.21,91.0,5.5,ML,,8.0,27.0,0.05946,0.12,0.05,NC64626,NC,NC,NC,Reviewed
107,01/02/2009,20:14:31,0.7909999999999999,-27.118000000000002,Earthquake,10.0,,127.0,5.5,MWC,,,35.9,,,1.02,USP000GS13,US,US,US,Reviewed
108,12/14/1969,18:37:08,8.142000000000001,58.376999999999995,Earthquake,10.0,,,5.8,MW,,,,,,,ISCGEM801054,ISCGEM,ISCGEM,ISCGEM,Automatic
109,01/04/1970,17:00:41,24.185,102.54299999999999,Earthquake,11.3,,,7.1,MW,,,,,,,ISCGEM799712,ISCGEM,ISCGEM,ISCGEM,Automatic
110,09/11/1975,21:59:57,6.989,-104.275,Earthquake,33.0,,,6.4,MB,,,,,,,USP0000CS5,US,US,US,Reviewed
111,03/24/1970,10:35:19,-22.13,126.691,Earthquake,10.0,,,6.0,MW,,,,,,,ISCGEM798352,ISCGEM,ISCGEM,ISCGEM,Automatic
112,08/19/1996,06:24:11,-41.523,80.416,Earthquake,10.0,,,6.1,MWB,,,,,,1.4,USP0007NSN,US,US,US,Reviewed
113,06/22/1995,01:01:19,50.372,89.949,Earthquake,13.7,,,5.5,MW,,,,,,0.9,USP0006ZHB,US,US,HRV,Reviewed
114,05/18/1971,22:44:43,63.952,145.965,Earthquake,10.0,,,7.0,MW,,,,,,,ISCGEM784704,ISCGEM,ISCGEM,ISCGEM,Automatic
115,08/13/1972,11:47:46,-51.974,-74.095,Earthquake,15.0,,,5.8,MW,,,,,,,ISCGEMSUP770547,ISCGEMSUP,ISCGEM,ISCGEM,Automatic
116,06/15/1970,11:14:51,-54.476000000000006,-64.499,Earthquake,10.0,,,7.2,MW,,,,,,,ISCGEM794605,ISCGEM,ISCGEM,ISCGEM,Automatic
117,07/19/1988,10:54:42,50.506,-129.924,Earthquake,10.0,,,5.6,MW,,,,,,1.0,USP0003HZY,US,US,HRV,Reviewed
118,06/26/1985,17:10:01,18.889,-64.577,Earthquake,46.2,3.9,,5.9,MW,,,,,,1.0,USP0002G66,US,US,HRV,Reviewed
119,07/31/1970,17:08:05,-1.597,-72.532,Earthquake,644.8,,,8.0,MW,,,,,,,ISCGEM794176,ISCGEM,ISCGEM,ISCGEM,Automatic
120,08/29/1970,14:59:21,51.03,135.347,Earthquake,15.0,,,5.6,MW,,,,,,,ISCGEM793304,ISCGEM,ISCGEM,ISCGEM,Automatic
121,03/22/2007,06:10:43,-3.388,86.775,Earthquake,21.0,,345.0,5.9,MWB,,,28.4,,,0.95,USP000F75F,US,US,US,Reviewed
122,10/21/1970,08:14:13,74.697,8.693999999999999,Earthquake,15.0,,,5.6,MW,,,,,,,ISCGEM791295,ISCGEM,ISCGEM,ISCGEM,Automatic
123,01/23/2005,03:32:27,-13.882,66.191,Earthquake,10.0,,108.0,5.5,MWB,,,56.3,,,1.37,USP000DE25,US,US,US,Reviewed
124,07/22/2000,09:50:01,35.229,-36.045,Earthquake,10.0,,67.0,5.5,MWC,,,,,,0.88,USP0009WYK,US,US,HRV,Reviewed
125,02/24/1977,08:51:17,-11.686,-13.622,Earthquake,33.0,,,5.5,MS,,,,,,,USP0000MQ4,US,US,US,Reviewed
126,12/13/1982,02:50:53,-63.091,-61.161,Earthquake,33.0,,,5.8,MB,,9.0,,,,1.1,USP0001RE7,US,US,US,Reviewed
127,04/18/1971,17:41:26,-0.27,-91.65899999999999,Earthquake,10.0,,,5.8,MW,,,,,,,ISCGEM785713,ISCGEM,ISCGEM,ISCGEM,Automatic
128,05/09/1971,18:00:58,-39.727,-105.148,Earthquake,15.0,,,5.6,MW,,,,,,,ISCGEM784263,ISCGEM,ISCGEM,ISCGEM,Automatic
129,06/26/1971,19:27:14,-5.141,96.852,Earthquake,13.7,,,6.4,MW,,,,,,,ISCGEM783841,ISCGEM,ISCGEM,ISCGEM,Automatic
130,08/24/1971,16:33:21,52.196999999999996,91.47,Earthquake,5.9,,,5.8,MW,,,,,,,ISCGEM781562,ISCGEM,ISCGEM,ISCGEM,Automatic
131,09/30/1971,21:24:10,-0.514,-4.956,Earthquake,15.0,,,5.8,MW,,,,,,,ISCGEM780752,ISCGEM,ISCGEM,ISCGEM,Automatic
132,09/30/1971,21:31:24,61.662,140.259,Earthquake,15.0,,,6.0,MW,,,,,,,ISCGEM780753,ISCGEM,ISCGEM,ISCGEM,Automatic
133,03/22/1986,16:56:52,-4.377,-104.70100000000001,Earthquake,10.0,,,6.1,MW,,,,,,1.3,USP0002S3Q,US,US,HRV,Reviewed
134,11/18/1971,07:31:34,38.404,66.639,Earthquake,29.2,,,5.6,MW,,,,,,,ISCGEM778645,ISCGEM,ISCGEM,ISCGEM,Automatic
135,12/07/1971,12:04:19,55.048,-54.437,Earthquake,20.0,,,5.5,MW,,,,,,,ISCGEM777559,ISCGEM,ISCGEM,ISCGEM,Automatic
136,01/13/1972,17:24:21,61.888000000000005,147.0,Earthquake,11.3,,,5.9,MW,,,,,,,ISCGEM776904,ISCGEM,ISCGEM,ISCGEM,Automatic
137,08/03/1978,06:07:36,52.143,96.89200000000001,Earthquake,33.0,,,5.5,MS,,,,,,,USP0000VX2,US,US,US,Reviewed
138,02/13/1989,08:06:56,7.957000000000001,-38.092,Earthquake,10.0,,,5.5,MW,,,,,,1.2,USP0003RV4,US,US,HRV,Reviewed
139,05/02/1972,06:56:22,5.202999999999999,-100.228,Earthquake,15.0,,,6.1,MW,,,,,,,ISCGEM773076,ISCGEM,ISCGEM,ISCGEM,Automatic
140,01/14/2013,14:55:52,55.163000000000004,-134.548,Earthquake,4.0,4.5,423.0,5.5,MWW,,,60.2,,,0.92,USP000JYDT,US,US,US,Reviewed
141,08/28/1972,02:18:54,-25.002,136.34799999999998,Earthquake,10.0,,,5.7,MW,,,,,,,ISCGEM771020,ISCGEM,ISCGEM,ISCGEM,Automatic
142,11/10/2008,01:22:03,37.565,95.833,Earthquake,19.0,,432.0,6.3,MWC,,,17.4,,,0.86,USP000GNBJ,US,US,US,Reviewed
143,08/21/1980,22:11:03,-2.026,68.058,Earthquake,10.0,,,5.5,MS,,,,,,,USP00019G4,US,US,US,Reviewed
144,10/20/1972,04:33:48,20.689,-29.738000000000003,Earthquake,15.0,,,6.0,MW,,,,,,,ISCGEM768533,ISCGEM,ISCGEM,ISCGEM,Automatic
145,10/29/2003,21:10:21,-49.038000000000004,124.715,Earthquake,10.0,,94.0,5.5,MWC,,,37.3,,,0.97,USP000CBK0,US,US,HRV,Reviewed
146,01/28/2000,22:42:26,-1.347,89.083,Earthquake,10.0,,,5.5,MWC,,,,,,0.99,USP0009MSZ,US,US,HRV,Reviewed
147,12/18/1972,01:18:57,-16.64,28.017,Earthquake,15.0,,,5.6,MW,,,,,,,ISCGEM766294,ISCGEM,ISCGEM,ISCGEM,Automatic
148,04/24/2011,21:09:33,-35.704,-16.994,Earthquake,10.0,,41.0,5.6,MWW,,,66.5,,,1.51,USP000J0H6,US,US,US,Reviewed
149,04/03/1987,01:17:08,49.928000000000004,78.829,Nuclear Explosion,0.0,,,6.2,MB,,118.0,,,,0.9,USP00033VD,US,US,US,Reviewed
150,03/09/1973,19:09:13,-34.131,150.266,Earthquake,13.0,,,5.5,MB,,,,,,,USP00000W5,US,US,US,Reviewed
151,05/28/1977,15:10:13,-64.944,175.687,Earthquake,33.0,,,5.7,MB,,,,,,,USP0000P2J,US,US,US,Reviewed
152,11/16/1983,16:13:00,19.43,-155.454,Earthquake,12.0,,,6.7,MW,,,,,,,USP0001ZVX,US,HVO,NC,Reviewed
153,05/03/1973,23:11:06,-46.102,73.202,Earthquake,33.0,,,5.5,MS,,,,,,,USP00001PW,US,US,US,Reviewed
154,04/25/1976,22:21:41,-47.571999999999996,99.919,Earthquake,33.0,,,5.8,MS,,,,,,,USP0000G1X,US,US,US,Reviewed
155,06/16/1973,14:43:47,44.98,-125.774,Earthquake,33.0,,,5.6,MB,,,,,,,USP000026K,US,US,US,Reviewed
156,10/27/2004,20:34:37,45.787,26.622,Earthquake,95.8,,681.0,5.9,MWB,,,9.8,,,0.94,USP000D778,US,US,US,Reviewed
157,08/30/1973,19:50:03,7.103,84.307,Earthquake,33.0,,,5.9,MB,,,,,,,USP000039M,US,US,US,Reviewed
158,10/18/1979,07:09:58,73.33800000000001,54.806999999999995,Nuclear Explosion,0.0,,,5.8,MB,,,,,,,USP00013JP,US,US,US,Reviewed
159,03/26/1980,20:43:38,23.866999999999997,-45.558,Earthquake,10.0,,,6.3,MS,,,,,,,USP000168F,US,US,US,Reviewed
160,11/02/1974,04:59:57,70.817,54.063,Nuclear Explosion,0.0,,,6.7,MB,,,,,,,USP00008N6,US,US,US,Reviewed
161,05/03/2002,11:20:52,86.005,31.595,Earthquake,10.0,,308.0,5.6,MWC,,,,,,0.9,USP000B3N5,US,US,HRV,Reviewed
162,11/17/1973,10:51:22,-1.599,69.833,Earthquake,33.0,,,5.5,MS,,,,,,,USP0000468,US,US,US,Reviewed
163,01/18/1974,21:14:51,-34.175,-20.237000000000002,Earthquake,33.0,,,5.5,MB,,,,,,,USP00004YR,US,US,US,Reviewed
164,09/21/1985,10:54:44,-46.678000000000004,-13.423,Earthquake,10.0,,,5.5,MS,,3.0,,,,1.1,USP0002JZ4,US,US,US,Reviewed
165,03/12/1974,15:11:05,8.755,150.946,Earthquake,33.0,,,5.5,MB,,,,,,,USP00005KT,US,US,US,Reviewed
166,04/12/1974,17:45:18,14.263,134.317,Earthquake,33.0,,,5.5,MB,,,,,,,USP00005Y7,US,US,US,Reviewed
167,04/10/2010,06:30:00,-41.081,-89.89399999999999,Earthquake,7.0,,70.0,5.8,MWC,,,195.5,,,1.41,USP000HB3K,US,US,GCMT,Reviewed
168,04/22/1974,00:29:20,31.649,119.171,Earthquake,33.0,,,5.5,MS,,,,,,,USP000061V,US,US,US,Reviewed
169,04/07/1977,11:54:37,-26.933000000000003,26.656,Earthquake,11.0,,,5.5,MB,,,,,,,USP0000N9X,US,US,US,Reviewed
170,08/29/1999,00:46:13,3.103,65.855,Earthquake,10.0,,,6.0,MWB,,,,,,1.06,USP0009DS8,US,US,US,Reviewed
171,01/10/1976,08:52:52,-35.101,54.36,Earthquake,33.0,,,5.7,MB,,,,,,,USP0000ECN,US,US,US,Reviewed
172,06/25/1974,17:22:19,-26.09,84.28,Earthquake,33.0,,,6.6,MS,,,,,,,USP00006WC,US,US,US,Reviewed
173,07/01/1974,23:11:15,-22.642,-10.674000000000001,Earthquake,33.0,,,5.6,MS,,,,,,,USP00006ZB,US,US,US,Reviewed
174,07/04/1974,19:30:42,45.136,94.03399999999999,Earthquake,33.0,,,6.7,MS,,,,,,,USP0000708,US,US,US,Reviewed
175,05/29/2006,14:10:50,-41.948,88.458,Earthquake,10.0,,65.0,5.6,MWB,,,32.3,,,0.81,USP000EJ82,US,US,US,Reviewed
176,08/14/1974,14:59:58,68.913,75.899,Nuclear Explosion,0.0,,,5.5,MB,,,,,,,USP00007MB,US,US,US,Reviewed
177,09/04/1974,06:29:16,33.134,13.567,Earthquake,17.0,,,5.6,MS,,,,,,,USP00007XA,US,US,US,Reviewed
178,09/23/1974,19:28:17,-0.278,12.917,Earthquake,33.0,,,6.2,MS,,,,,,,USP000084T,US,US,US,Reviewed
179,09/27/1974,04:09:01,2.6910000000000003,-71.418,Earthquake,43.0,,,5.8,MS,,,,,,,USP0000860,US,US,US,Reviewed
180,07/07/2015,07:01:43,-13.329,-111.6323,Earthquake,10.0,1.7,,5.9,MWW,,,92.0,33.259,11.2,0.79,US20002VN3,US,US,US,Reviewed
181,10/22/1974,12:06:11,62.086999999999996,-26.17,Earthquake,33.0,,,5.6,MS,,,,,,,USP00008HC,US,US,US,Reviewed
182,02/04/1975,11:36:07,40.641,122.58,Earthquake,33.0,,,7.0,MW,,,,,,,USP00009SS,US,US,1020,Reviewed
183,02/17/1975,03:38:20,17.637999999999998,97.902,Earthquake,6.0,,,5.9,MS,,,,,,,USP00009Y5,US,US,US,Reviewed
184,03/10/2005,00:28:26,85.24700000000001,92.895,Earthquake,10.0,,255.0,5.5,MWC,,,26.1,,,0.94,USP000DHWN,US,US,HRV,Reviewed
185,03/28/1975,02:31:06,42.06100000000001,-112.54799999999999,Earthquake,5.0,,,6.1,MB,,,,,,,USP0000AD8,US,U,US,Reviewed
186,04/04/1975,17:41:16,-21.235,45.103,Earthquake,33.0,,,5.6,MS,,,,,,,USP0000AFZ,US,US,US,Reviewed
187,06/23/1998,01:36:32,10.546,-76.34899999999999,Earthquake,35.0,,,5.7,MWC,,,,,,0.78,USP0008QAY,US,US,HRV,Reviewed
188,05/26/1975,20:19:35,36.028,-17.588,Earthquake,33.0,,,5.6,MB,,,,,,,USP0000B6T,US,US,US,Reviewed
189,06/29/1975,10:37:41,38.759,129.99,Earthquake,560.0,,,6.2,MB,,,,,,,USP0000BTT,US,US,US,Reviewed
190,12/08/1976,14:40:59,44.76,-110.79299999999999,Earthquake,5.0,,,5.5,MB,,,,,,,USP0000KP6,US,G,US,Reviewed
191,07/24/1975,22:23:47,-21.342,120.448,Earthquake,33.0,,,5.5,MB,,,,,,,USP0000C5R,US,US,US,Reviewed
192,09/19/1975,03:37:12,-34.759,81.84899999999999,Earthquake,33.0,,,6.1,MS,,,,,,,USP0000CVA,US,US,US,Reviewed
193,02/23/1985,14:45:36,-6.966,30.928,Earthquake,10.0,,,5.7,MB,,69.0,,,,0.8,USP0002C60,US,US,US,Reviewed
194,10/29/1975,05:01:49,4.052,-103.515,Earthquake,100.0,,,5.5,MB,,,,,,,USP0000DB2,US,US,US,Reviewed
195,12/03/1975,11:48:42,-21.168000000000003,-11.619000000000002,Earthquake,33.0,,,5.5,MB,,,,,,,USP0000DTY,US,US,US,Reviewed
196,01/11/1976,23:22:40,-46.479,-101.073,Earthquake,33.0,,,5.6,MB,,,,,,,USP0000ED8,US,US,US,Reviewed
197,10/21/2012,01:25:23,66.309,-18.666,Earthquake,10.0,,455.0,5.5,MWW,,,27.7,,,0.74,USP000JU82,US,US,US,Reviewed
198,02/21/2008,02:46:18,77.079,18.570999999999998,Earthquake,12.0,,637.0,6.1,MWC,,,23.9,,,0.81,USP000FZEU,US,US,GCMT,Reviewed
199,05/25/1992,16:55:04,19.613,-77.872,Earthquake,23.1,,,6.8,MW,,,,,,0.9,USP000582H,US,US,HRV,Reviewed
200,01/09/1995,17:57:18,1.459,-90.56299999999999,Earthquake,10.0,,,5.6,MW,,,,,,1.3,USP0006R3J,US,US,HRV,Reviewed
201,03/29/1976,05:39:36,3.929,-85.88,Earthquake,33.0,,,6.5,MS,,,,,,,USP0000FPG,US,US,US,Reviewed
202,04/05/1976,16:54:40,40.217,112.219,Earthquake,27.0,,,5.5,MS,,,,,,,USP0000FSD,US,US,US,Reviewed
203,07/14/1977,05:49:09,40.316,63.681999999999995,Earthquake,33.0,,,5.5,MB,,,,,,,USP0000PQK,US,US,US,Reviewed
204,09/11/1976,16:31:12,46.28,13.157,Earthquake,16.0,,,5.5,MS,,,,,,,USP0000JBC,US,US,US,Reviewed
205,05/15/1976,08:09:57,4.461,19.348,Earthquake,23.0,,,5.6,MB,,,,,,,USP0000GBP,US,US,US,Reviewed
206,07/01/1976,11:24:05,-29.522,25.182,Earthquake,33.0,,,5.9,MB,,,,,,,USP0000H53,US,US,US,Reviewed
207,07/23/1976,17:44:27,-29.967,-114.427,Earthquake,33.0,,,5.6,MS,,,,,,,USP0000HGH,US,US,US,Reviewed
208,11/02/1994,01:43:56,5.099,118.64299999999999,Earthquake,55.2,3.3,,5.7,MW,,,,,,1.1,USP0006N10,US,US,HRV,Reviewed
209,10/17/1978,04:59:57,47.818000000000005,48.114,Nuclear Explosion,0.0,,,5.8,MB,,,,,,,USP0000X17,US,US,US,Reviewed
210,08/04/1976,14:00:02,-35.647,-14.035,Earthquake,33.0,,,5.8,MB,,,,,,,USP0000HQP,US,US,US,Reviewed
211,08/03/2014,00:26:42,0.9871,146.2597,Earthquake,14.87,3.3,,5.7,MB,0.04,226.0,22.0,6.553,,0.76,USB000RZKL,US,US,US,Reviewed
212,09/11/2002,04:50:33,83.13600000000001,-6.077999999999999,Earthquake,10.0,,280.0,5.5,MWC,,,,,,0.93,USP000BBYP,US,US,HRV,Reviewed
213,12/19/2009,23:19:16,-10.107999999999999,33.818000000000005,Earthquake,6.0,,301.0,6.0,MWC,,,34.9,,,1.05,USP000H56X,US,US,US,Reviewed
214,01/13/1991,11:53:37,40.558,105.79299999999999,Earthquake,16.5,,,5.6,MS,,2.0,,,,1.1,USP0004KMK,US,US,US,Reviewed
215,09/26/1976,04:29:17,38.775,-0.59,Earthquake,10.0,,,5.6,MB,,,,,,,USP0000JMB,US,US,US,Reviewed
216,10/24/1976,20:33:29,50.382,3.9589999999999996,Earthquake,33.0,,,5.5,MB,,,,,,,USP0000K17,US,US,US,Reviewed
217,11/02/1976,11:19:14,-29.217,77.815,Earthquake,33.0,,,5.7,MB,,,,,,,USP0000K5G,US,US,US,Reviewed
218,02/25/1987,19:56:36,38.102,91.179,Earthquake,25.5,,,5.8,MW,,,,,,0.9,USP00032S6,US,US,HRV,Reviewed
219,01/07/1977,07:09:35,-52.257,114.59100000000001,Earthquake,33.0,,,5.5,MB,,,,,,,USP0000M39,US,US,US,Reviewed
220,09/16/1989,04:03:03,-32.561,-14.251,Earthquake,10.0,,,5.9,MW,,,,,,1.2,USP0003ZN0,US,US,HRV,Reviewed
221,02/05/1977,03:29:19,-66.44800000000001,-82.584,Earthquake,33.0,,,6.2,MS,,,,,,,USP0000MFP,US,US,US,Reviewed
222,02/16/1977,00:49:31,25.973000000000003,-26.258000000000003,Earthquake,33.0,,,5.5,MB,,,,,,,USP0000MK4,US,US,US,Reviewed
223,02/17/1977,20:25:21,-45.48,-19.065,Earthquake,33.0,,,5.7,MB,,,,,,,USP0000MKS,US,US,US,Reviewed
224,12/03/1980,17:32:58,-21.938000000000002,-138.961,Nuclear Explosion,0.0,,,5.6,MB,,,,,,,USP0001B53,US,US,US,Reviewed
225,09/30/2006,12:47:23,7.2829999999999995,-34.658,Earthquake,10.0,,470.0,5.5,MWC,,,27.9,,,0.83,USP000EU4Y,US,US,GCMT,Reviewed
226,07/23/2003,16:38:37,-15.592,-13.350999999999999,Earthquake,10.0,,392.0,5.8,MWB,,,30.1,,,0.78,USP000C356,US,US,US,Reviewed
227,08/14/1977,19:03:44,-22.752,-12.752,Earthquake,33.0,,,5.7,MS,,,,,,,USP0000Q3D,US,US,US,Reviewed
228,10/17/1977,17:26:40,-27.914,173.084,Earthquake,33.0,,,6.7,MS,,,,,,,USP0000R34,US,US,US,Reviewed
229,12/06/1978,13:28:36,17.447,-54.786,Earthquake,10.0,,,5.8,MS,,,,,,,USP0000XSP,US,US,US,Reviewed
230,12/15/1977,23:20:54,-4.761,34.913000000000004,Earthquake,33.0,,,5.6,MS,,,,,,,USP0000S3B,US,US,US,Reviewed
231,07/08/2013,15:30:28,16.707,40.830999999999996,Earthquake,10.5,2.6,130.0,5.5,MWB,,,52.0,,,0.77,USB000I8XL,US,US,US,Reviewed
232,07/11/2004,23:46:13,-20.252,-126.928,Earthquake,12.0,,351.0,6.1,MWB,,,21.2,,,0.94,USP000CZZD,US,US,US,Reviewed
233,02/24/1978,07:02:40,-4.61,-12.37,Earthquake,10.0,,,5.5,MB,,,,,,,USP0000T4B,US,US,US,Reviewed
234,03/24/1978,00:42:36,29.801,-67.4,Earthquake,20.0,,,6.1,MB,,,,,,,USP0000TM9,US,US,US,Reviewed
235,01/25/2016,04:22:03,35.6493,-3.6818,Earthquake,12.0,1.7,,6.3,MWW,,,20.0,2.201,5.9,0.92,US10004GY9,US,US,US,Reviewed
236,09/07/2010,19:54:28,-53.136,-118.171,Earthquake,10.0,,101.0,5.5,MWC,,,34.6,,,1.1,USP000HKDU,US,US,GCMT,Reviewed
237,06/01/1978,04:23:36,-0.081,151.159,Earthquake,33.0,,,5.7,MB,,,,,,,USP0000UV9,US,US,US,Reviewed
238,06/02/1992,21:05:01,-16.137999999999998,92.844,Earthquake,13.9,,,6.2,MW,,,,,,1.2,USP00058KF,US,US,HRV,Reviewed
239,08/03/1978,01:10:26,-0.905,84.28200000000001,Earthquake,33.0,,,5.6,MS,,,,,,,USP0000VWX,US,US,US,Reviewed
240,08/09/1978,17:59:58,63.706,125.321,Nuclear Explosion,0.0,,,5.6,MB,,,,,,,USP0000VZT,US,US,US,Reviewed
241,10/17/1978,13:59:58,63.143,63.391999999999996,Nuclear Explosion,0.0,,,5.5,MB,,,,,,,USP0000X1A,US,US,US,Reviewed
242,11/04/1978,15:22:19,37.674,48.901,Earthquake,34.0,,,6.1,MB,,,,,,,USP0000X8Y,US,US,US,Reviewed
243,01/23/1981,21:54:42,-29.682,60.839,Earthquake,10.0,,,6.8,MS,,,,,,,USP0001BVF,US,US,US,Reviewed
244,07/31/2006,01:24:16,10.166,-103.863,Earthquake,10.0,,56.0,5.5,MWB,,,84.3,,,1.06,USP000EPXV,US,US,US,Reviewed
245,04/23/1979,05:45:10,-16.535,120.175,Earthquake,33.0,,,5.9,MB,,,,,,,USP0001086,US,US,US,Reviewed
246,09/12/2003,08:17:38,-8.971,-108.77,Earthquake,10.0,,83.0,5.5,MWC,,,112.2,,,1.06,USP000C7B3,US,US,HRV,Reviewed
247,03/21/1984,08:27:51,-43.95,77.915,Earthquake,10.0,,,6.1,MW,,,,,,1.1,USP00022UD,US,US,NC,Reviewed
248,02/03/1994,15:43:44,-41.886,84.49,Earthquake,10.0,,,5.6,MW,,,,,,0.9,USP00067YU,US,US,HRV,Reviewed
249,07/17/1979,16:01:15,-4.426,98.757,Earthquake,31.0,,,5.7,MB,,,,,,,USP00011WS,US,US,US,Reviewed
250,03/17/1983,07:11:31,51.596000000000004,142.452,Earthquake,42.0,,,5.6,MB,,74.0,,,,0.9,USP0001TQB,US,US,US,Reviewed
251,08/24/1979,16:59:31,41.145,108.12899999999999,Earthquake,33.0,,,5.9,MS,,,,,,,USP00012KV,US,US,US,Reviewed
252,09/25/1979,13:05:54,45.083,77.006,Earthquake,40.0,,,5.9,MB,,,,,,,USP000134G,US,US,US,Reviewed
253,10/22/1979,17:04:39,-64.872,-170.537,Earthquake,10.0,,,5.5,MB,,,,,,,USP00013N8,US,US,US,Reviewed
254,11/10/1979,07:41:27,-59.463,-150.892,Earthquake,10.0,,,5.8,MS,,,,,,,USP00013Y4,US,US,US,Reviewed
255,06/27/1997,04:39:53,38.334,-26.684,Earthquake,10.0,,,5.9,MWC,,,,,,1.09,USP0008416,US,US,HRV,Reviewed
256,02/01/1981,13:19:59,36.443000000000005,1.655,Earthquake,10.0,,,5.7,MS,,4.0,,,,1.1,USP0001C0J,US,US,US,Reviewed
257,12/15/1980,22:11:50,45.988,90.384,Earthquake,33.0,,,5.5,MB,,,,,,,USP0001BA0,US,US,US,Reviewed
258,12/22/1980,12:51:21,34.503,50.59,Earthquake,41.0,,,5.5,MB,,,,,,,USP0001BDE,US,US,US,Reviewed
259,02/17/1981,16:53:14,-23.09,39.479,Earthquake,33.0,,,5.7,MS,,1.0,,,,1.0,USP0001C87,US,US,US,Reviewed
260,03/25/1981,05:28:15,-48.138000000000005,-9.919,Earthquake,10.0,,,5.6,MS,,1.0,,,,1.0,USP0001CVP,US,US,US,Reviewed
261,05/25/1981,04:59:57,68.205,53.656000000000006,Nuclear Explosion,0.0,,,5.5,MB,,82.0,,,,0.9,USP0001DV0,US,US,US,Reviewed
262,11/05/1988,02:14:30,34.354,91.88,Earthquake,7.6,,,6.2,MW,,,,,,1.2,USP0003NJ5,US,US,HRV,Reviewed
263,09/24/1981,21:09:43,-45.653,79.86399999999999,Earthquake,33.0,,,5.5,MS,,3.0,,,,1.1,USP0001G2U,US,US,US,Reviewed
264,09/30/1981,23:03:48,-4.798,-112.008,Earthquake,10.0,,,5.9,MB,,36.0,,,,1.0,USP0001G7G,US,US,US,Reviewed
265,11/08/1981,21:56:11,61.809,153.666,Earthquake,33.0,,,5.6,MB,,76.0,,,,0.9,USP0001GVQ,US,US,US,Reviewed
266,11/18/1981,09:17:30,-2.282,22.813000000000002,Earthquake,7.0,,,5.8,MB,,51.0,,,,1.0,USP0001H12,US,US,US,Reviewed
267,04/18/1996,00:01:18,-16.107,87.279,Earthquake,10.0,,,5.5,MWC,,,,,,1.0,USP0007GA5,US,US,HRV,Reviewed
268,12/12/1981,23:31:11,4.888,70.145,Earthquake,20.0,,,5.5,MB,,44.0,,,,1.0,USP0001HCV,US,US,US,Reviewed
269,01/07/1982,08:42:51,-3.387,177.56900000000002,Earthquake,33.0,,,5.8,MB,,38.0,,,,1.1,USP0001HXC,US,US,US,Reviewed
270,01/09/1982,12:53:52,46.983999999999995,-66.656,Earthquake,10.1,,,5.7,MB,,49.0,,,,,USP0001HYM,US,SPE,US,Reviewed
271,03/22/1982,06:04:11,6.65,175.06400000000002,Earthquake,33.0,,,5.6,MB,,30.0,,,,0.9,USP0001K93,US,US,US,Reviewed
272,02/20/2008,12:11:21,-52.917,-46.492,Earthquake,10.0,,32.0,5.5,MB,,5.0,86.9,,,1.07,USP000FZBJ,US,US,US,Reviewed
273,07/01/1985,02:23:52,18.367,87.18799999999999,Earthquake,10.0,,,5.5,MW,,,,,,1.0,USP0002GA5,US,US,HRV,Reviewed
274,05/09/1982,10:00:57,-10.734000000000002,94.507,Earthquake,10.0,,,5.5,MB,,4.0,,,,1.0,USP0001M6P,US,US,US,Reviewed
275,07/04/1982,01:20:07,27.929000000000002,136.967,Earthquake,536.0,,,7.1,MW,,,,,,1.0,USP0001N8W,US,US,NC,Reviewed
276,11/25/2013,07:21:18,-53.8708,-53.9107,Earthquake,14.83,3.1,,6.0,MWC,,,58.0,3.346,,0.76,USB000L633,US,US,GCMT,Reviewed
277,11/05/2009,07:12:32,12.107999999999999,45.907,Earthquake,10.0,,157.0,5.6,MWC,,,25.4,,,1.08,USP000H3RZ,US,US,US,Reviewed
278,12/13/1982,09:12:48,14.700999999999999,44.379,Earthquake,5.0,,,6.3,MW,,,,,,,USP0001REB,US,SPE,NC,Reviewed
279,12/22/1982,15:40:13,46.05,-27.588,Earthquake,10.0,,,5.5,MS,,9.0,,,,1.0,USP0001RNB,US,US,US,Reviewed
280,01/22/1983,12:41:55,45.223,7.164,Earthquake,10.0,,,5.5,MB,,1.0,,,,0.8,USP0001SG7,US,US,US,Reviewed
281,01/24/1983,16:34:08,39.74,-14.484000000000002,Earthquake,33.0,,,5.8,MB,,69.0,,,,1.3,USP0001SJJ,US,US,US,Reviewed
282,04/22/1983,00:37:37,14.925999999999998,99.023,Earthquake,10.0,,,5.7,MW,,,,,,1.0,USP0001UND,US,US,NC,Reviewed
283,06/10/1983,02:13:23,75.53,122.76,Earthquake,10.0,,,5.6,MB,,81.0,,,,1.0,USP0001W02,US,US,US,Reviewed
284,06/24/1983,09:07:14,21.4,102.604,Earthquake,33.0,,,6.9,MS,,1.0,,,,1.5,USP0001WB1,US,US,US,Reviewed
285,12/11/1995,17:54:39,-6.224,26.714000000000002,Earthquake,10.0,,,5.7,MW,,,,,,0.9,USP00078U1,US,US,HRV,Reviewed
286,08/01/1983,14:09:24,-48.284,-75.848,Earthquake,33.0,,,5.6,MB,,16.0,,,,0.9,USP0001X99,US,US,US,Reviewed
287,08/05/1983,06:21:43,-3.596,-62.153,Earthquake,23.0,,,5.6,MB,,85.0,,,,1.0,USP0001XBU,US,US,US,Reviewed
288,08/06/1983,01:20:22,51.63,15.994000000000002,Earthquake,10.0,,,5.8,MB,,1.0,,,,1.3,USP0001XCB,US,US,US,Reviewed
289,05/21/1992,04:59:58,41.604,88.81299999999999,Nuclear Explosion,0.0,,,6.5,MB,,121.0,,,,0.8,USP00057T0,US,US,US,Reviewed
290,10/17/1983,19:36:21,37.588,-17.52,Earthquake,10.0,,,6.4,MW,,,,,,1.1,USP0001Z2B,US,US,NC,Reviewed
291,08/22/1984,09:46:30,44.467,-114.008,Earthquake,10.0,,,5.6,MW,,,,,,1.0,USP00026M2,US,US,HRV,Reviewed
292,11/06/1983,21:09:45,35.205999999999996,115.213,Earthquake,19.0,1.9,,5.7,MB,,83.0,,,,0.9,USP0001ZM0,US,US,US,Reviewed
293,11/25/1983,19:56:08,-40.451,155.507,Earthquake,18.5,2.9,,6.2,MW,,,,,,1.0,USP0002027,US,US,NC,Reviewed
294,12/08/1983,13:17:56,3.792,148.958,Earthquake,10.0,,,6.3,MW,,,,,,1.2,USP00020BX,US,US,NC,Reviewed
295,12/22/1983,04:11:29,11.866,-13.529000000000002,Earthquake,11.3,2.1,,6.3,MW,,,,,,1.0,USP00020Q5,US,US,NC,Reviewed
296,08/26/1986,09:43:00,37.724000000000004,101.49600000000001,Earthquake,8.0,,,6.0,MW,,,,,,1.1,USP0002XJB,US,US,HRV,Reviewed
297,09/17/1989,00:53:40,40.203,51.748999999999995,Earthquake,51.4,,,6.2,MW,,,,,,1.0,USP0003ZP9,US,US,HRV,Reviewed
298,05/21/1984,15:38:59,32.688,121.509,Earthquake,18.2,3.9,,6.0,MW,,,,,,1.3,USP00024HT,US,US,NC,Reviewed
299,07/09/1984,13:27:50,-25.285999999999998,70.097,Earthquake,10.0,,,5.5,MW,,,,,,1.2,USP00025M4,US,US,HRV,Reviewed
300,08/12/1989,17:18:37,-7.2589999999999995,-12.7,Earthquake,10.0,,,5.6,MW,,,,,,1.2,USP0003YDD,US,US,HRV,Reviewed
301,09/07/1984,15:15:27,-43.395,91.758,Earthquake,10.0,,,5.9,MW,,,,,,1.1,USP000275M,US,US,HRV,Reviewed
302,12/02/1984,06:09:44,20.357,-115.765,Earthquake,10.0,,,6.4,MW,,,,,,1.2,USP00029Q7,US,US,HRV,Reviewed
303,03/05/1985,14:01:02,45.665,178.80200000000002,Earthquake,33.0,,,5.7,MS,,3.0,,,,1.0,USP0002CFT,US,US,US,Reviewed
304,03/08/1985,00:24:42,-4.386,106.87899999999999,Earthquake,631.4,2.5,,5.5,MW,,,,,,0.8,USP0002CJY,US,US,HRV,Reviewed
305,11/17/2011,06:52:41,8.415,-103.15799999999999,Earthquake,10.0,,186.0,5.6,MWC,,,91.2,,,1.3,USP000JAZ3,US,US,GCMT,Reviewed
306,05/14/1985,13:24:58,-10.61,41.423,Earthquake,10.0,,,6.0,MW,,,,,,0.9,USP0002ETU,US,US,HRV,Reviewed
307,09/19/1985,00:21:57,-49.426,-8.049,Earthquake,10.0,,,5.5,MW,,,,,,1.0,USP0002JVZ,US,US,HRV,Reviewed
308,10/04/1985,15:17:07,-18.304000000000002,48.433,Earthquake,10.0,,,5.6,MW,,,,,,1.0,USP0002KFD,US,US,HRV,Reviewed
309,03/25/1988,19:36:46,62.153999999999996,-124.182,Earthquake,10.0,,,6.2,MW,,,,,,0.9,USP0003EAQ,US,US,HRV,Reviewed
310,10/27/1985,19:34:57,36.46,6.761,Earthquake,10.0,,,5.8,MW,,,,,,1.3,USP0002M6E,US,US,HRV,Reviewed
311,11/14/1985,02:11:46,-28.912,-13.109000000000002,Earthquake,10.0,,,5.5,MW,,,,,,1.2,USP0002MRX,US,US,HRV,Reviewed
312,12/16/1985,16:56:45,-47.676,136.547,Earthquake,10.0,,,5.7,MW,,,,,,1.2,USP0002NYC,US,US,HRV,Reviewed
313,01/02/1986,21:33:42,-34.31,112.09700000000001,Earthquake,10.0,,,5.5,MS,,1.0,,,,1.5,USP0002PQ4,US,US,US,Reviewed
314,03/21/1986,23:56:19,54.284,-121.854,Earthquake,18.0,,,5.5,MW,,,,,,,USP0002S1G,US,PGC,HRV,Reviewed
315,03/30/1986,08:53:53,-26.194000000000003,132.767,Earthquake,10.0,,,5.7,MW,,,,,,1.0,USP0002SER,US,US,HRV,Reviewed
316,05/21/1986,01:45:25,14.368,-20.141,Earthquake,10.0,,,5.5,MW,,,,,,0.9,USP0002U8A,US,US,HRV,Reviewed
317,05/23/1986,09:51:24,12.699000000000002,48.178999999999995,Earthquake,10.0,,,5.7,MW,,,,,,1.1,USP0002UBJ,US,US,HRV,Reviewed
318,12/07/1986,14:17:10,43.273999999999994,25.912,Earthquake,20.5,2.4,,5.6,MW,,,,,,1.2,USP00030PU,US,US,HRV,Reviewed
319,12/22/1986,14:18:38,-56.879,-48.76,Earthquake,10.0,,,6.4,MW,,,,,,1.1,USP000312N,US,US,HRV,Reviewed
320,01/02/1987,07:42:44,-42.437,-18.428,Earthquake,10.0,,,5.5,MW,,,,,,1.1,USP00031BR,US,US,HRV,Reviewed
321,03/15/1987,16:14:46,-10.365,91.617,Earthquake,10.0,,,5.5,MW,,,,,,1.0,USP00033BD,US,US,HRV,Reviewed
322,05/05/1988,23:35:34,-49.856,115.37799999999999,Earthquake,10.0,,,5.7,MW,,,,,,0.9,USP0003FPP,US,US,HRV,Reviewed
323,07/06/1987,01:06:08,-26.999000000000002,-108.285,Earthquake,10.0,,,6.7,MW,,,,,,1.1,USP00036CP,US,US,NC,Reviewed
324,07/26/1987,21:59:42,-30.21,165.78099999999998,Earthquake,33.0,,,5.6,MW,,,,,,1.2,USP00036Z4,US,US,HRV,Reviewed
325,01/12/2016,09:45:11,-31.3385,58.1916,Earthquake,10.0,1.7,,5.9,MWW,,,16.0,10.360999999999999,8.9,1.11,US10004DQH,US,US,US,Reviewed
326,10/14/1987,08:38:26,5.6770000000000005,133.257,Earthquake,24.3,4.0,,5.7,MB,,20.0,,,,1.1,USP000398F,US,US,US,Reviewed
327,10/20/1987,21:11:00,0.917,-87.073,Earthquake,10.0,,,5.6,MW,,,,,,0.9,USP00039EK,US,US,HRV,Reviewed
328,10/28/1987,08:58:29,5.74,36.73,Earthquake,10.0,,,6.0,MW,,,,,,1.0,USP00039PH,US,US,HRV,Reviewed
329,12/22/1987,11:17:56,-51.598,-11.439,Earthquake,10.0,,,5.6,MW,,,,,,1.4,USP0003BFR,US,US,HRV,Reviewed
330,01/15/1988,21:07:11,-27.179000000000002,-11.334000000000001,Earthquake,10.0,,,5.8,MW,,,,,,1.1,USP0003C3C,US,US,HRV,Reviewed
331,01/22/1988,00:35:58,-19.847,133.803,Earthquake,5.0,,,6.3,MW,,,,,,1.0,USP0003C94,US,US,NC,Reviewed
332,03/07/2010,07:05:25,-16.236,-115.296,Earthquake,18.0,,448.0,6.3,MWC,,,33.5,,,0.9,USP000H8VQ,US,US,US,Reviewed
333,05/01/2006,20:13:29,2.205,-99.035,Earthquake,10.0,,112.0,5.7,MWB,,,83.1,,,1.05,USP000EG02,US,US,US,Reviewed
334,02/26/1988,06:17:32,-37.319,47.989,Earthquake,10.0,,,6.8,MW,,,,,,1.1,USP0003DC5,US,US,HRV,Reviewed
335,03/07/1988,15:21:07,41.669,152.222,Earthquake,10.0,,,5.6,MW,,,,,,0.9,USP0003DPU,US,US,NC,Reviewed
336,04/19/1997,15:26:33,78.445,125.821,Earthquake,10.0,,,5.5,MWB,,,,,,0.83,USP00080U5,US,US,US,Reviewed
337,04/07/1988,18:14:55,-55.75899999999999,-15.767999999999999,Earthquake,10.0,,,5.8,MW,,,,,,1.2,USP0003ESU,US,US,HRV,Reviewed
338,05/17/1988,14:25:53,-11.401,170.658,Earthquake,30.1,,,6.2,MW,,,,,,1.2,USP0003G1D,US,US,HRV,Reviewed
339,08/08/1988,19:59:32,63.673,2.397,Earthquake,10.0,,,5.6,MW,,,,,,1.3,USP0003JSR,US,US,HRV,Reviewed
340,08/14/1988,20:03:04,39.128,-110.869,Earthquake,9.9,,,5.5,MB,,63.0,,,,,USP0003K03,US,SLC,US,Reviewed
341,08/27/1988,16:52:24,0.89,-20.99,Earthquake,10.0,,,5.5,MWC,,,,,,,GCMTB082788D,GCMT,GCMT,GCMT,Automatic
342,11/12/1988,03:34:49,18.067999999999998,-76.597,Earthquake,16.1,,,5.5,MW,,,,,,1.1,USP0003NTG,US,US,HRV,Reviewed
343,11/25/1988,23:46:04,48.117,-71.183,Earthquake,28.9,,,5.9,MW,,,,,,,USP0003P6P,US,OTT,HRV,Reviewed
344,12/17/1988,00:58:15,-26.901999999999997,167.475,Earthquake,33.0,,,5.6,MW,,,,,,1.2,USP0003PX3,US,US,HRV,Reviewed
345,02/28/1989,13:01:58,-23.113000000000003,-61.465,Earthquake,569.0,,,6.5,MW,,,,,,1.1,USP0003SEA,US,US,HRV,Reviewed
346,03/09/1989,02:37:00,-13.71,34.381,Earthquake,29.6,,,5.7,MW,,,,,,0.9,USP0003SS3,US,US,HRV,Reviewed
347,04/23/1989,19:21:06,66.96,-156.289,Earthquake,6.3,,,5.5,MW,,,,,,0.9,USP0003U9Q,US,US,HRV,Reviewed
348,05/13/1989,03:35:03,50.103,105.36,Earthquake,36.4,,,5.7,MW,,,,,,1.1,USP0003V6H,US,US,HRV,Reviewed
349,05/20/2016,18:14:05,-25.5655,129.8841,Earthquake,10.0,1.7,,6.0,MWW,,,24.0,1.53,2.2,1.33,US10005IYK,US,US,US,Reviewed
350,06/12/1989,00:04:10,21.861,89.76299999999999,Earthquake,5.8,,,5.8,MW,,,,,,0.9,USP0003W6W,US,US,HRV,Reviewed
351,09/13/2007,20:06:39,-57.625,-147.303,Earthquake,10.0,,99.0,6.0,MWC,,,32.3,,,1.38,USP000FN65,US,US,GCMT,Reviewed
352,04/18/2000,00:12:06,-52.455,13.544,Earthquake,10.0,,,5.8,MWC,,,,,,1.02,USP0009RF5,US,US,HRV,Reviewed
353,12/13/2012,23:03:39,80.804,121.383,Earthquake,10.0,,612.0,5.5,MWW,,,21.3,,,0.94,USP000JWXK,US,US,US,Reviewed
354,10/13/1989,09:59:12,-17.609,122.404,Earthquake,10.0,,,5.5,MW,,,,,,1.2,USP00040MX,US,US,HRV,Reviewed
355,01/10/1998,03:50:42,41.083,114.5,Earthquake,30.3,2.8,,5.7,MWC,,,,,,0.9,USP0008E10,US,US,HRV,Reviewed
356,11/25/1989,16:13:49,23.721,114.58,Earthquake,33.0,,,5.6,MW,,,,,,1.5,USP00042E2,US,US,HRV,Reviewed
357,12/17/1989,03:12:18,-8.486,92.23299999999999,Earthquake,24.8,,,5.9,MW,,,,,,1.0,USP000436B,US,US,HRV,Reviewed
358,12/21/1989,16:53:19,62.42100000000001,-155.62,Earthquake,0.4,,,5.5,MS,,2.0,,,,,USP00043DF,US,AGS,US,Reviewed
359,12/25/1989,14:24:33,60.08,-73.445,Earthquake,5.1,,,6.0,MW,,,,,,0.8,USP00043JD,US,US,NC,Reviewed
360,01/06/1990,21:44:56,-10.681,92.98700000000001,Earthquake,14.8,,,6.0,MW,,,,,,1.1,USP00043Z4,US,US,HRV,Reviewed
361,02/12/1990,23:56:38,-31.193,-48.919,Earthquake,29.9,,,5.5,MB,,39.0,,,,1.4,USP00045D7,US,US,US,Reviewed
362,11/10/1999,02:25:39,-6.41,-107.23299999999999,Earthquake,10.0,,,5.6,MWC,,,,,,1.03,USP0009HBD,US,US,HRV,Reviewed
363,03/13/1990,23:05:29,-3.9939999999999998,39.925,Earthquake,10.0,,,5.5,MW,,,,,,1.0,USP00046JR,US,US,HRV,Reviewed
364,03/18/1990,22:30:08,-48.688,106.802,Earthquake,10.0,,,5.5,MW,,,,,,1.5,USP00046T3,US,US,HRV,Reviewed
365,05/15/1990,16:24:20,-3.075,35.891,Earthquake,5.0,,,5.5,MW,,,,,,1.1,USP00049B3,US,US,HRV,Reviewed
366,05/24/1990,20:00:08,5.358,31.848000000000003,Earthquake,16.0,,,7.1,MW,,,,,,1.0,USP00049QE,US,US,HRV,Reviewed
367,08/03/1990,09:15:06,47.963,84.961,Earthquake,33.4,,,6.2,MW,,,,,,1.0,USP0004CX1,US,US,NC,Reviewed
368,08/21/1990,14:13:05,-27.487,-104.266,Earthquake,10.5,,,6.0,MW,,,,,,1.0,USP0004DQW,US,US,HRV,Reviewed
369,10/15/1990,01:35:45,-2.211,92.249,Earthquake,32.2,,,6.8,MW,,,,,,1.0,USP0004FSP,US,US,NC,Reviewed
370,12/03/1990,05:48:18,-22.726999999999997,166.7,Earthquake,11.8,,,5.6,MW,,,,,,1.1,USP0004HPW,US,US,HRV,Reviewed
371,08/27/2003,14:40:42,43.74100000000001,-28.921999999999997,Earthquake,10.0,,263.0,5.5,MWB,,,36.3,,,0.89,USP000C62D,US,US,US,Reviewed
372,03/14/2010,20:33:14,-2.7460000000000004,83.70299999999999,Earthquake,28.0,,321.0,5.8,MWC,,,30.2,,,0.84,USP000H9DJ,US,US,US,Reviewed
373,01/29/1991,03:13:13,-44.159,94.223,Earthquake,10.0,,,5.6,MW,,,,,,1.2,USP0004M9Y,US,US,HRV,Reviewed
374,02/21/1991,02:35:34,58.427,-175.45,Earthquake,20.2,,,6.7,MW,,,,,,1.0,USP0004N74,US,US,HRV,Reviewed
375,04/21/1991,23:12:23,-18.287,46.416000000000004,Earthquake,18.6,,,5.6,MW,,,,,,0.9,USP0004QN4,US,US,HRV,Reviewed
376,02/08/2014,19:50:36,-60.4256,-45.1914,Earthquake,23.93,3.0,,5.7,MWW,,,45.0,7.744,,0.85,USC000ML4S,US,US,US,Reviewed
377,06/18/1991,11:33:18,0.13,149.285,Earthquake,37.5,,,5.9,MW,,,,,,0.9,USP0004T3X,US,US,HRV,Reviewed
378,07/09/1991,06:53:34,23.226999999999997,-65.524,Earthquake,10.0,,,5.8,MW,,,,,,1.1,USP0004TXD,US,US,HRV,Reviewed
379,09/15/1991,06:39:12,-17.879,-116.021,Earthquake,10.0,,,5.8,MW,,,,,,0.9,USP0004WNM,US,US,HRV,Reviewed
380,01/11/1992,06:16:56,9.311,86.964,Earthquake,21.8,,,5.7,MW,,,,,,1.0,USP00051NU,US,US,HRV,Reviewed
381,06/21/1999,04:35:47,8.228,141.30100000000002,Earthquake,33.0,,,5.6,MWC,,,,,,0.89,USP0009A8H,US,US,HRV,Reviewed
382,06/09/1992,06:41:06,-49.803999999999995,110.56700000000001,Earthquake,10.0,,,5.5,MW,,,,,,0.8,USP00058VD,US,US,HRV,Reviewed
383,07/30/1992,13:14:52,-50.357,-72.095,Earthquake,10.0,,,5.5,MW,,,,,,1.1,USP0005BR8,US,US,HRV,Reviewed
384,08/04/1992,23:45:32,-26.695999999999998,-106.363,Earthquake,10.0,,,5.7,MW,,,,,,1.1,USP0005C00,US,US,HRV,Reviewed
385,08/19/1992,18:15:47,-50.148,130.52,Earthquake,10.0,,,5.5,MW,,,,,,1.1,USP0005CRD,US,US,HRV,Reviewed
386,09/14/1992,13:16:29,21.389,117.771,Earthquake,16.8,,,5.5,MW,,,,,,1.4,USP0005DZE,US,US,HRV,Reviewed
387,10/12/1992,13:09:56,29.778000000000002,31.144000000000002,Earthquake,21.5,,,5.8,MW,,,,,,1.2,USP0005F89,US,US,HRV,Reviewed
388,10/23/1992,09:11:09,31.355,-4.3180000000000005,Earthquake,28.6,,,5.6,MW,,,,,,1.1,USP0005FS0,US,US,HRV,Reviewed
389,01/25/1993,05:59:32,-53.31,73.189,Earthquake,10.0,,,5.7,MB,,14.0,,,,1.0,USP0005M7B,US,US,US,Reviewed
390,11/03/1997,06:29:16,-13.189,174.885,Earthquake,33.0,,,5.5,MWC,,,,,,1.01,USP0008A0J,US,US,HRV,Reviewed
391,05/28/1993,11:06:13,-27.264,66.47399999999999,Earthquake,10.0,,,5.6,MW,,,,,,0.9,USP0005TMP,US,US,HRV,Reviewed
392,05/29/1993,06:50:13,19.072,-26.476,Earthquake,12.0,,,6.4,MWB,,,,,,0.9,USP0005TP6,US,US,US,Reviewed
393,05/31/1993,08:34:22,-72.44800000000001,174.838,Earthquake,10.0,,,5.5,MW,,,,,,1.0,USP0005TTT,US,US,HRV,Reviewed
394,06/08/1993,12:18:07,-31.669,-15.695,Earthquake,10.0,,,5.5,MB,,40.0,,,,1.2,USP0005U77,US,US,US,Reviewed
395,07/29/2008,20:56:22,-54.727,-118.78299999999999,Earthquake,10.0,,139.0,5.8,MWB,,,36.6,,,1.3,USP000GDDS,US,US,US,Reviewed
396,08/01/1993,00:20:41,15.385,31.69,Earthquake,12.5,,,5.5,MW,,,,,,1.1,USP0005XRW,US,US,HRV,Reviewed
397,08/10/1993,19:36:21,83.066,-27.533,Earthquake,10.0,,,5.6,MW,,,,,,1.1,USP0005Y9Y,US,US,HRV,Reviewed
398,09/21/1993,05:45:34,42.35,-122.02,Earthquake,5.0,,,5.9,MWC,,,,,,,GCMTB092193B,GCMT,GCMT,GCMT,Automatic
399,09/21/1993,19:11:36,11.478,39.638000000000005,Earthquake,15.2,,,5.7,MW,,,,,,1.0,USP00060T9,US,US,HRV,Reviewed
400,09/29/1993,22:25:49,18.066,76.45100000000001,Earthquake,6.8,,,6.2,MWB,,,,,,1.0,USP000618C,US,US,US,Reviewed
401,10/02/1993,08:42:33,38.19,88.663,Earthquake,14.1,,,6.1,MW,,,,,,1.1,USP00061C7,US,US,HRV,Reviewed
402,10/26/1993,11:38:22,38.477,98.655,Earthquake,8.1,,,5.9,MB,,150.0,,,,1.0,USP00062R4,US,US,US,Reviewed
403,10/28/1993,02:53:17,-46.706,-93.729,Earthquake,10.0,,,5.5,MB,,16.0,,,,1.1,USP00062TT,US,US,US,Reviewed
404,11/28/1997,22:53:42,-13.74,-68.788,Earthquake,586.0,,,6.7,MWC,,,,,,0.91,USP0008BG2,US,US,HRV,Reviewed
405,02/03/1994,09:05:04,42.762,-110.976,Earthquake,7.9,,,5.8,MW,,,,,,0.9,USP00067XB,US,US,HRV,Reviewed
406,02/12/1994,04:16:27,-10.786,-128.798,Earthquake,15.0,,,6.7,MW,,,,,,1.3,USP00068DM,US,US,HRV,Reviewed
407,02/28/1994,11:13:54,30.805,60.562,Earthquake,10.0,,,5.6,MW,,,,,,1.0,USP000692Z,US,US,HRV,Reviewed
408,08/19/1994,21:02:46,17.974,96.415,Earthquake,12.3,,,5.8,MW,,,,,,1.1,USP0006H6H,US,US,HRV,Reviewed
409,08/21/1994,15:55:59,56.761,117.9,Earthquake,12.3,,,6.0,MW,,,,,,1.0,USP0006H9T,US,US,HRV,Reviewed
410,09/16/1994,06:20:19,22.528000000000002,118.711,Earthquake,13.1,,,6.8,MWB,,,,,,1.2,USP0006JHK,US,US,US,Reviewed
411,07/23/2016,08:51:59,14.8899,-103.5251,Earthquake,10.0,1.8,,5.5,MB,0.040999999999999995,210.0,83.0,3.3480000000000003,7.8,1.03,US20006H2E,US,US,US,Reviewed
412,01/10/1995,10:09:51,20.205,109.15299999999999,Earthquake,33.0,,,5.5,MW,,,,,,1.4,USP0006R4V,US,US,HRV,Reviewed
413,11/21/2002,02:53:15,12.373,-82.22,Earthquake,7.5,1.6,393.0,5.8,MWC,,,,,,0.91,USP000BJ38,US,US,HRV,Reviewed
414,02/20/1995,02:59:13,-27.774,76.172,Earthquake,10.0,,,5.5,MW,,,,,,1.0,USP0006T85,US,US,HRV,Reviewed
415,03/06/1995,18:43:40,2.69,118.226,Earthquake,16.7,,,6.1,MWB,,,,,,1.1,USP0006TW5,US,US,US,Reviewed
416,11/22/2011,18:48:16,-15.364,-65.09,Earthquake,549.9,,832.0,6.6,MWW,,,11.2,,,0.8,USP000JB98,US,US,US,Reviewed
417,03/29/1995,14:39:49,-42.493,-100.755,Earthquake,10.0,,,5.5,MW,,,,,,0.9,USP0006UWK,US,US,HRV,Reviewed
418,04/14/1995,00:32:56,30.285,-103.34700000000001,Earthquake,17.8,,,5.7,MW,,,,,,1.0,USP0006VMM,US,US,HRV,Reviewed
419,06/18/1995,03:42:10,2.449,-95.391,Earthquake,10.0,,,5.5,MW,,,,,,1.1,USP0006ZB0,US,US,HRV,Reviewed
420,08/27/2008,01:35:32,51.607,104.15799999999999,Earthquake,16.0,,621.0,6.3,MWC,,,20.9,,,0.8,USP000GFNG,US,US,GCMT,Reviewed
421,07/27/1995,05:51:19,-12.59,79.22800000000001,Earthquake,16.2,,,6.0,MWB,,,,,,0.8,USP0007110,US,US,US,Reviewed
422,08/07/1995,19:44:25,4.041,143.77,Earthquake,12.6,,,6.2,MW,,,,,,1.3,USP00071JS,US,US,HRV,Reviewed
423,09/23/1995,20:56:04,-24.328000000000003,-128.003,Earthquake,10.0,,,5.6,MW,,,,,,1.1,USP00073VM,US,US,HRV,Reviewed
424,09/25/1995,17:04:49,1.12,19.424,Earthquake,10.0,,,5.5,MB,,92.0,,,,0.8,USP00073ZC,US,US,US,Reviewed
425,10/22/1995,19:54:48,-6.404,98.66799999999999,Earthquake,33.0,,,5.7,MW,,,,,,0.9,USP00075JY,US,US,HRV,Reviewed
426,11/13/1995,08:43:15,56.1,114.495,Earthquake,21.5,,,5.8,MW,,,,,,0.9,USP00076SA,US,US,HRV,Reviewed
427,02/28/1996,10:03:07,-51.858000000000004,40.336999999999996,Earthquake,10.0,,,5.7,MB,,37.0,,,,1.0,USP0007E38,US,US,US,Reviewed
428,03/12/1996,18:43:43,48.442,88.14299999999999,Earthquake,16.5,,,5.6,MWC,,,,,,1.1,USP0007ENG,US,US,HRV,Reviewed
429,11/14/1996,10:42:57,-25.86,-13.835999999999999,Earthquake,10.0,,,5.5,MWC,,,,,,0.93,USP0007T0F,US,US,HRV,Reviewed
430,07/07/1996,10:50:00,58.62,157.752,Earthquake,10.0,,,5.7,MWC,,,,,,1.0,USP0007KTK,US,US,HRV,Reviewed
431,08/14/1996,02:59:41,40.801,35.37,Earthquake,10.0,,,5.7,MWC,,,,,,1.3,USP0007NHY,US,US,HRV,Reviewed
432,10/24/1996,19:31:54,66.986,-173.229,Earthquake,19.9,,,6.1,MWC,,,,,,0.99,USP0007RWF,US,US,HRV,Reviewed
433,11/09/1996,13:56:09,31.612,123.291,Earthquake,33.0,,,5.6,MWC,,,,,,1.05,USP0007SRQ,US,US,HRV,Reviewed
434,12/14/2002,13:27:29,39.736,97.443,Earthquake,22.0,,394.0,5.6,MWB,,,,,,0.92,USP000BKPM,US,US,US,Reviewed
435,12/24/1996,22:16:26,34.294000000000004,38.711999999999996,Earthquake,29.2,,,5.5,MWC,,,,,,1.22,USP0007UYJ,US,US,HRV,Reviewed
436,06/27/1998,13:55:52,36.878,35.306999999999995,Earthquake,33.0,,,6.3,MWC,,,,,,1.31,USP0008QKC,US,US,HRV,Reviewed
437,05/09/1997,06:31:04,-44.75,117.76899999999999,Earthquake,10.0,,,5.5,MWC,,,,,,1.01,USP00081YZ,US,US,HRV,Reviewed
438,05/21/1997,22:51:29,23.083000000000002,80.041,Earthquake,36.0,,,5.8,MWC,,,,,,1.0,USP00082ND,US,US,HRV,Reviewed
439,08/10/1997,09:20:31,-16.012999999999998,124.329,Earthquake,10.0,1.7,,6.3,MWB,,,,,,0.8,USP0008612,US,US,US,Reviewed
440,11/05/1997,09:59:04,-2.13,73.837,Earthquake,10.0,,,5.6,MWC,,,,,,1.01,USP0008A44,US,US,HRV,Reviewed
441,04/18/1998,10:04:22,-63.47,147.673,Earthquake,10.0,,,5.5,MWC,,,,,,0.91,USP0008KGN,US,US,HRV,Reviewed
442,04/09/1998,23:26:53,-12.245,67.846,Earthquake,10.0,,,5.8,MWC,,,,,,1.0,USP0008JTA,US,US,HRV,Reviewed
443,05/28/1998,18:33:28,31.401,27.666999999999998,Earthquake,10.0,,,5.5,MWC,,,,,,1.0,USP0008NVZ,US,US,HRV,Reviewed
444,07/03/2015,01:07:47,37.4593,78.1542,Earthquake,20.0,1.7,,6.4,MWW,,,15.0,4.272,6.7,1.03,US10002N4W,US,US,US,Reviewed
445,08/03/1998,05:17:01,-27.295,-148.858,Earthquake,10.0,,,5.5,MWC,,,,,,0.99,USP0008SP3,US,US,HRV,Reviewed
446,09/24/1998,18:53:40,46.313,106.288,Earthquake,33.0,,,5.6,MWC,,,,,,0.89,USP0008VFJ,US,US,HRV,Reviewed
447,12/28/1998,07:23:32,20.78,-74.673,Earthquake,10.0,,,5.6,MWC,,,,,,0.86,USP0009099,US,US,HRV,Reviewed
448,01/16/1999,10:44:39,56.233000000000004,-147.42700000000002,Earthquake,21.0,,,6.0,MWC,,,,,,0.86,USP000916E,US,US,HRV,Reviewed
449,01/24/1999,08:00:09,-26.463,74.476,Earthquake,10.0,,,6.3,MWC,,,,,,0.8,USP00091MF,US,US,HRV,Reviewed
450,03/21/1999,16:17:04,55.942,110.272,Earthquake,10.0,,,5.9,MWC,,,,,,0.84,USP00094WT,US,US,HRV,Reviewed
451,03/14/2005,05:11:57,-27.737,73.82600000000001,Earthquake,10.0,,240.0,5.6,MWC,,,30.0,,,0.8,USP000DJ5X,US,US,HRV,Reviewed
452,11/08/1999,21:37:23,35.726,61.205,Earthquake,25.9,4.8,,5.5,MWC,,,,,,0.92,USP0009H9N,US,US,HRV,Reviewed
453,01/05/2000,17:55:11,-56.103,-58.442,Earthquake,10.0,,,5.6,MWC,,,,,,1.03,USP0009KSW,US,US,HRV,Reviewed
454,02/03/2000,10:24:59,65.015,-154.238,Earthquake,7.3,,,5.7,MWB,,,,,,,USP0009MZY,US,AEIC,US,Reviewed
455,03/15/2000,06:35:05,-44.396,-117.435,Earthquake,10.0,,,5.9,MWC,,,,,,0.91,USP0009PQT,US,US,HRV,Reviewed
456,06/18/2000,14:44:13,-13.802,97.45299999999999,Earthquake,10.0,,405.0,7.9,MWC,,,,,,1.16,USP0009UT0,US,US,HRV,Reviewed
457,10/27/2000,00:08:54,54.707,94.98299999999999,Earthquake,33.0,,290.0,5.5,MWC,,,,,,0.96,USP000A2FT,US,US,HRV,Reviewed
458,12/23/2000,07:13:24,-7.872999999999999,135.816,Earthquake,61.7,,129.0,6.0,MWC,,,,,,0.89,USP000A6KN,US,US,HRV,Reviewed
459,12/25/2000,13:24:23,-42.519,120.175,Earthquake,10.0,,157.0,5.7,MWC,,,,,,0.98,USP000A6QF,US,US,HRV,Reviewed
460,01/28/2001,01:02:11,23.506999999999998,70.517,Earthquake,10.0,,363.0,5.8,MWC,,,,,,1.27,USP000A8HM,US,US,HRV,Reviewed
461,04/02/2001,06:50:07,11.847999999999999,147.325,Earthquake,56.5,,125.0,5.7,MWB,,,,,,1.11,USP000ACDY,US,US,US,Reviewed
462,07/31/2001,16:41:31,8.023,117.46600000000001,Earthquake,33.0,,76.0,5.5,MWC,,,,,,0.92,USP000AKMC,US,US,HRV,Reviewed
463,09/02/2001,02:25:54,0.889,82.501,Earthquake,10.0,,281.0,6.1,MWC,,,,,,0.96,USP000ANF6,US,US,HRV,Reviewed
464,11/14/2001,09:45:15,35.726,93.384,Earthquake,10.0,,153.0,5.6,MB,,94.0,,,,0.97,USP000ASVR,US,US,US,Reviewed
465,12/12/2001,14:02:35,-42.813,124.68799999999999,Earthquake,10.0,,255.0,7.1,MWC,,,,,,0.97,USP000AUFX,US,US,HRV,Reviewed
466,04/21/2002,17:58:47,-20.521,162.185,Earthquake,33.0,,80.0,5.7,MWC,,,,,,0.92,USP000B2X3,US,US,HRV,Reviewed
467,05/18/2002,15:15:09,-2.907,33.733000000000004,Earthquake,10.0,,172.0,5.5,MWC,,,,,,0.94,USP000B4J1,US,US,HRV,Reviewed
468,08/13/2002,08:37:23,14.749,55.85,Earthquake,10.0,,270.0,5.8,MWC,,,,,,1.16,USP000B9TJ,US,US,HRV,Reviewed
469,09/26/2002,12:55:30,-19.648,-12.014000000000001,Earthquake,10.0,,193.0,5.7,MWC,,,,,,1.07,USP000BD5K,US,US,HRV,Reviewed
470,08/07/2015,01:28:37,-2.0913,28.9515,Earthquake,10.0,1.8,,5.5,MWC,,,28.0,2.319,6.1,0.77,US10002ZZR,US,US,GCMT,Reviewed
471,11/04/2002,03:19:18,-5.525,36.035,Earthquake,10.0,,229.0,5.5,MS,,9.0,,,,1.08,USP000BG4F,US,US,US,Reviewed
472,11/15/2002,19:58:32,-56.051,-36.404,Earthquake,10.0,,202.0,6.6,MWC,,,,,,1.48,USP000BHRF,US,US,HRV,Reviewed
473,03/02/2003,16:42:56,-36.958,-20.879,Earthquake,10.0,,298.0,6.2,MWB,,,53.6,,,0.95,USP000BRTM,US,US,US,Reviewed
474,08/21/2003,23:31:49,68.689,-148.03799999999998,Earthquake,12.5,,381.0,5.5,MWC,,,29.0,,,,USP000C5JR,US,AEIC,HRV,Reviewed
475,12/11/2003,08:04:55,-16.547,-170.175,Earthquake,10.0,,274.0,5.7,MWB,,,50.6,,,0.69,USP000CF0M,US,US,US,Reviewed
476,02/09/2004,01:24:41,24.897,-112.39299999999999,Earthquake,10.0,,171.0,5.5,MWB,,,114.5,,,1.29,USP000CKSM,US,US,US,Reviewed
477,03/24/2004,01:53:49,45.382,118.256,Earthquake,18.8,,447.0,5.5,MWB,,,22.0,,,0.88,USP000CQR9,US,US,US,Reviewed
478,05/20/2004,14:43:14,43.125,136.41299999999998,Earthquake,313.1,,504.0,5.6,MWB,,,37.0,,,0.7,USP000CVPF,US,US,US,Reviewed
479,07/10/2004,00:20:57,-8.783999999999999,94.81200000000001,Earthquake,10.0,,216.0,5.7,MWB,,,33.6,,,1.0,USP000CZVS,US,US,US,Reviewed
480,07/25/2004,14:35:19,-2.427,103.98100000000001,Earthquake,582.1,,641.0,7.3,MWB,,,33.7,,,0.85,USP000D0V4,US,US,US,Reviewed
481,08/07/2004,14:18:35,-6.242000000000001,95.666,Earthquake,20.7,,400.0,5.6,MWC,,,29.6,,,0.87,USP000D1PY,US,US,HRV,Reviewed
482,09/18/2004,07:07:48,23.105999999999998,-67.61399999999999,Earthquake,10.0,,560.0,5.7,MWB,,,25.5,,,0.76,USP000D4HK,US,US,US,Reviewed
483,05/05/2005,13:12:49,-19.968,66.47399999999999,Earthquake,10.0,,103.0,5.5,MWB,,,43.0,,,1.01,USP000DPZ1,US,US,US,Reviewed
484,07/06/2005,08:24:42,69.00399999999999,-16.637,Earthquake,10.0,0.0,288.0,5.6,MWB,,,43.5,,,0.96,USP000DUN3,US,US,US,Reviewed
485,01/10/2006,01:09:34,37.056999999999995,-14.133,Earthquake,10.0,,355.0,5.5,MWC,,,25.9,,,1.47,USP000E7YD,US,US,HRV,Reviewed
486,02/05/2006,08:17:01,66.297,-142.686,Earthquake,9.2,,286.0,5.5,MWB,,,25.4,,,,USP000E9HD,US,AEIC,US,Reviewed
487,02/23/2006,01:23:42,-21.371,33.525,Earthquake,10.0,,120.0,5.7,MWC,,,66.8,,,0.82,USP000EAN5,US,US,HRV,Reviewed
488,03/05/2006,10:42:16,64.911,-129.18,Earthquake,5.7,,293.0,5.6,MWB,,,53.0,,,1.04,USP000EBFG,US,US,US,Reviewed
489,04/30/2006,00:43:10,44.518,102.391,Earthquake,7.0,,478.0,5.7,MWB,,,23.2,,,0.7,USP000EFT0,US,US,US,Reviewed
490,06/15/2006,06:49:49,45.388999999999996,97.354,Earthquake,9.0,,570.0,5.8,MWB,,,22.3,,,0.85,USP000EKDP,US,US,US,Reviewed
491,07/29/2006,19:53:43,23.589000000000002,-63.923,Earthquake,10.0,,532.0,5.8,MWB,,,36.3,,,0.8,USP000EPUP,US,US,US,Reviewed
492,09/10/2006,14:56:08,26.319000000000003,-86.60600000000001,Earthquake,14.0,,590.0,5.9,MWC,,,46.9,,,0.83,USP000ESV9,US,US,GCMT,Reviewed
493,09/24/2006,22:56:21,-17.741,41.81100000000001,Earthquake,6.0,,391.0,5.7,MWB,,,32.5,,,0.93,USP000ETRN,US,US,US,Reviewed
494,05/23/2007,19:09:15,21.892,-96.359,Earthquake,10.0,,362.0,5.6,MWC,,,33.2,,,1.02,USP000FCK7,US,US,GCMT,Reviewed
495,11/04/2007,20:35:37,-67.03399999999999,111.199,Earthquake,10.0,,82.0,5.7,MWC,,,65.2,,,1.14,USP000FRZM,US,US,GCMT,Reviewed
496,12/08/2007,19:55:19,-7.558,37.646,Earthquake,6.0,,209.0,5.6,MWC,,,27.7,,,0.98,USP000FU2J,US,US,GCMT,Reviewed
497,12/11/2007,17:20:55,-62.063,-65.835,Earthquake,10.0,,174.0,5.9,MWC,,,32.8,,,1.13,USP000FU96,US,US,GCMT,Reviewed
498,02/21/2008,14:16:03,41.1444,-114.8721,Earthquake,7.9,1.9,18.0,6.2,ML,0.15,4.0,95.21,0.318,1.61,0.1855,NN00234425,NN,NN,NN,Reviewed
499,12/17/2009,14:55:36,42.446999999999996,-30.565,Earthquake,4.0,,303.0,5.5,MWC,,,14.9,,,1.32,USP000H54F,US,US,GCMT,Reviewed
500,06/22/2008,23:56:30,67.69800000000001,141.276,Earthquake,18.0,,605.0,6.1,MWC,,,14.0,,,0.86,USP000GABX,US,US,US,Reviewed
501,10/07/2008,10:00:48,79.817,-115.448,Earthquake,10.0,,497.0,5.7,MWC,,,23.1,,,1.07,USP000GJMM,US,US,US,Reviewed
502,12/08/2008,18:39:09,-53.005,106.823,Earthquake,11.0,,365.0,6.3,MWC,,,33.8,,,0.95,USP000GQ70,US,US,US,Reviewed
503,12/25/2008,22:40:24,23.416999999999998,64.499,Earthquake,13.0,,235.0,5.8,MWC,,,67.0,,,1.23,USP000GRG4,US,US,US,Reviewed
504,05/19/2009,17:35:01,25.291,37.74,Earthquake,5.0,,254.0,5.7,MWB,,,30.2,,,0.92,USP000GXAM,US,US,US,Reviewed
505,06/03/2009,18:54:38,-50.012,120.59200000000001,Earthquake,3.0,,156.0,5.7,MWB,,,25.1,,,0.97,USP000GXU7,US,US,US,Reviewed
506,07/07/2009,19:11:47,75.351,-72.453,Earthquake,19.0,,347.0,6.1,MWC,,,33.3,,,1.0,USP000GZ0T,US,US,US,Reviewed
507,08/13/2009,09:37:35,7.9479999999999995,-85.633,Earthquake,10.0,,261.0,5.8,MWC,,,64.1,,,0.92,USP000H09U,US,US,GCMT,Reviewed
508,01/12/2010,22:00:41,18.387,-72.78399999999999,Earthquake,10.0,,196.0,6.0,MWC,,,24.1,,,0.84,USP000H60J,US,US,GCMT,Reviewed
509,01/21/2010,08:03:23,8.267999999999999,-110.35700000000001,Earthquake,12.0,,316.0,5.6,MWB,,,77.5,,,1.01,USP000H6EG,US,US,US,Reviewed
510,03/13/2010,02:53:15,2.1919999999999997,133.02,Earthquake,10.0,,207.0,5.9,MWC,,,16.1,,,0.84,USP000H99T,US,US,US,Reviewed
511,04/30/2010,23:16:29,60.478,-177.65,Earthquake,14.9,3.7,302.0,6.3,MWC,,,29.6,,,0.78,USP000HC4V,US,US,GCMT,Reviewed
512,08/23/2011,17:51:04,37.9096667,-77.9363333,Earthquake,0.02,2.4,23.0,5.8,MW,,0.0,80.0,,1.9,0.48,SE609212,SE,SE,SE,Reviewed
513,10/14/2011,06:10:15,54.08,123.72200000000001,Earthquake,12.0,,499.0,6.0,MWW,,,25.7,,,0.76,USP000J9AW,US,US,US,Reviewed
514,09/03/2016,12:02:44,36.4251,-96.9291,Earthquake,5.557,6.1,,5.8,MWW,,,69.0,,1.2,0.7,US10006JXS,US,TUL,US,Reviewed
515,03/08/2012,22:50:08,39.383,81.307,Earthquake,38.0,,432.0,5.9,MWC,,,38.0,,,0.96,USP000JFYZ,US,US,US,Reviewed
516,05/29/2012,07:00:03,44.851000000000006,11.085999999999999,Earthquake,10.2,,678.0,5.8,MWW,,,16.7,,,,USP000JM2N,US,ROM,US,Reviewed
517,06/01/2012,05:07:02,-77.08,-148.864,Earthquake,12.0,,268.0,5.5,MWB,,,21.4,,,0.98,USP000JM6P,US,US,US,Reviewed
518,06/29/2012,15:31:47,-24.747,-9.663,Earthquake,10.0,,453.0,5.8,MWW,,,26.7,,,0.91,USP000JNCM,US,US,US,Reviewed
519,12/14/2012,10:36:02,31.095,-119.66,Earthquake,13.0,,760.0,6.3,MWW,,,20.9,,,1.29,USP000JWYB,US,US,US,Reviewed
520,12/23/2012,13:31:41,42.42,41.075,Earthquake,15.2,5.5,415.0,5.7,MWW,,,19.7,,,0.88,USP000JXAJ,US,US,US,Reviewed
521,03/13/2013,03:07:04,-8.798,-131.921,Earthquake,10.0,,385.0,5.5,MB,,299.0,37.0,,,0.89,USP000JZRC,US,US,US,Reviewed
522,05/26/2013,06:08:16,39.955999999999996,67.314,Earthquake,18.0,,586.0,5.7,MWW,,,15.0,,,0.77,USB000H6IN,US,US,US,Reviewed
523,06/18/2013,23:02:10,54.263000000000005,86.17299999999999,Earthquake,9.9,2.2,131.0,5.6,MB,,505.0,18.0,,,0.59,USC000HUL6,US,US,US,Reviewed
524,07/21/2013,23:45:57,34.512,104.262,Earthquake,8.0,,276.0,5.9,MWW,,,10.0,,,0.8,USB000IJE3,US,US,US,Reviewed
525,09/30/2013,08:16:09,49.4947,-28.5247,Earthquake,10.0,1.7,,5.5,MWC,,,22.0,14.319,,0.73,USB000K2IT,US,US,GCMT,Reviewed
526,11/17/2013,17:37:14,-10.329,-11.8343,Earthquake,10.0,1.7,,5.5,MB,0.04,,28.0,3.0869999999999997,,0.69,USB000L0W2,US,US,US,Reviewed
527,03/17/2014,13:24:49,-53.1677,-32.3157,Earthquake,5.96,2.9,,5.8,MWB,0.078,16.0,24.0,2.719,,0.82,USC000NE4M,US,US,US,Reviewed
528,06/07/2014,04:43:32,67.7245,-162.3749,Earthquake,18.6,0.9,,5.5,ML,,,,,2.1,0.83,AK11285090,AK,AK,AK,Reviewed
529,05/14/2014,20:56:13,6.4507,144.9238,Earthquake,10.0,1.7,,6.1,MWW,,,38.0,7.093,,0.81,USB000QN2Z,US,US,US,Reviewed
530,05/17/2014,12:13:28,-54.2473,-146.6847,Earthquake,5.0,1.7,,5.7,MWW,,,17.0,28.123,,0.66,USB000QSFC,US,US,US,Reviewed
531,09/30/2014,16:45:56,1.6025,67.7354,Earthquake,10.0,1.7,,5.5,MWB,0.032,92.0,21.0,10.115,8.6,0.75,USB000SHED,US,US,US,Reviewed
532,06/04/2015,23:15:44,5.9867,116.5409,Earthquake,10.0,1.6,,6.0,MWW,,,20.0,6.431,5.1,1.03,US20002M5S,US,US,US,Reviewed
533,07/29/2015,23:41:40,-25.3727,154.2281,Earthquake,9.0,1.7,,5.5,MWW,,,21.0,2.846,7.1,0.71,US10002W8V,US,US,US,Reviewed
534,12/04/2015,22:25:00,-47.6165,85.0913,Earthquake,35.0,1.8,,7.1,MWW,,,8.0,10.033999999999999,8.0,1.42,US100043Z2,US,US,US,Reviewed
535,03/02/2016,12:49:48,-4.9521,94.3299,Earthquake,24.0,1.8,,7.8,MWW,,,20.0,7.0089999999999995,7.5,1.14,US10004U1Y,US,US,US,Reviewed
536,04/20/2016,10:51:42,13.2,-55.8867,Earthquake,28.0,1.8,,5.6,MWW,,,28.0,3.577,7.3,1.04,US20005K4S,US,US,US,Reviewed
537,08/01/2016,07:42:51,-23.9646,82.5565,Earthquake,10.0,1.6,,5.6,MWW,,,34.0,18.292,8.3,0.95,US1000694I,US,US,US,Reviewed
538,08/18/2016,04:30:09,-19.8352,148.7233,Earthquake,10.0,1.8,,5.7,MWW,,,30.0,2.335,7.1,0.82,US10006EM9,US,US,US,Reviewed
539,09/10/2016,12:27:33,-1.0355,31.6181,Earthquake,40.0,1.9,,5.9,MWW,,,21.0,5.6339999999999995,8.9,0.88,US10006NKX,US,US,US,Reviewed
540,12/20/2016,10:04:39,37.1442,84.9583,Earthquake,10.0,1.7,,5.6,MWW,,,15.0,7.182,7.6,0.83,US200082S5,US,US,US,Reviewed
